<?xml version="1.0" encoding="utf-8"?>
<clothing-items>
 <clothing>
  <id>
   780573566
  </id>
  <name>
   Addidas Socks C-8229
  </name>
  <category>
   Socks
  </category>
  <size>
   XL
  </size>
  <color>
   Фиолетовый
  </color>
  <material>
   Кожа
  </material>
  <price>
   785319
  </price>
  <rating>
   2.13
  </rating>
  <reviews>
   569577
  </reviews>
  <new>
   -
  </new>
  <exclusive>
   no
  </exclusive>
  <sporty>
   yes
  </sporty>
 </clothing>
 <clothing>
  <id>
   249222793
  </id>
  <name>
   Nike Shoes X-3104
  </name>
  <category>
   Shoes
  </category>
  <size>
   M
  </size>
  <color>
   Синий
  </color>
  <material>
   Кожа
  </material>
  <price>
   559003
  </price>
  <rating>
   2.5
  </rating>
  <reviews>
   729576
  </reviews>
  <new>
   +
  </new>
  <exclusive>
   no
  </exclusive>
 </clothing>
 <clothing>
  <id>
   233411700
  </id>
  <name>
   Brooks Jacket C-8772
  </name>
  <category>
   Jacket
  </category>
  <size>
   L
  </size>
  <color>
   Фиолетовый
  </color>
  <material>
   Полиэстер
  </material>
  <price>
   697578
  </price>
  <rating>
   2.71
  </rating>
  <reviews>
   374940
  </reviews>
  <exclusive>
   yes
  </exclusive>
  <sporty>
   no
  </sporty>
 </clothing>
 <clothing>
  <id>
   806637848
  </id>
  <name>
   Lacoste Handbags Y-9911
  </name>
  <category>
   Handbags
  </category>
  <size>
   M
  </size>
  <color>
   Синий
  </color>
  <material>
   Лен
  </material>
  <price>
   840172
  </price>
  <rating>
   4.0
  </rating>
  <reviews>
   397394
  </reviews>
 </clothing>
 <clothing>
  <id>
   922989017
  </id>
  <name>
   Asics Gloves Z-9636
  </name>
  <category>
   Gloves
  </category>
  <size>
   M
  </size>
  <color>
   Красный
  </color>
  <material>
   Шелк
  </material>
  <price>
   781133
  </price>
  <rating>
   1.83
  </rating>
  <reviews>
   735736
  </reviews>
  <new>
   +
  </new>
  <sporty>
   no
  </sporty>
 </clothing>
 <clothing>
  <id>
   956568485
  </id>
  <name>
   Addidas Socks J-6003
  </name>
  <category>
   Socks
  </category>
  <size>
   XXL
  </size>
  <color>
   Красный
  </color>
  <material>
   Кожа
  </material>
  <price>
   811115
  </price>
  <rating>
   2.28
  </rating>
  <reviews>
   542219
  </reviews>
  <new>
   +
  </new>
  <exclusive>
   no
  </exclusive>
  <sporty>
   yes
  </sporty>
 </clothing>
 <clothing>
  <id>
   964488678
  </id>
  <name>
   Addidas Pants N-2885
  </name>
  <category>
   Pants
  </category>
  <size>
   M
  </size>
  <color>
   Зеленый
  </color>
  <material>
   Вискоза
  </material>
  <price>
   725681
  </price>
  <rating>
   4.34
  </rating>
  <reviews>
   213324
  </reviews>
  <new>
   -
  </new>
  <exclusive>
   no
  </exclusive>
  <sporty>
   no
  </sporty>
 </clothing>
 <clothing>
  <id>
   697177831
  </id>
  <name>
   PleinSport Jeans Y-9903
  </name>
  <category>
   Jeans
  </category>
  <size>
   S
  </size>
  <color>
   Зеленый
  </color>
  <material>
   Кожа
  </material>
  <price>
   937769
  </price>
  <rating>
   2.31
  </rating>
  <reviews>
   990886
  </reviews>
  <new>
   -
  </new>
  <sporty>
   yes
  </sporty>
 </clothing>
 <clothing>
  <id>
   348788269
  </id>
  <name>
   Lacoste Sweater Z-2647
  </name>
  <category>
   Sweater
  </category>
  <size>
   XL
  </size>
  <color>
   Красный
  </color>
  <material>
   Лен
  </material>
  <price>
   618444
  </price>
  <rating>
   4.89
  </rating>
  <reviews>
   399205
  </reviews>
  <new>
   +
  </new>
  <exclusive>
   no
  </exclusive>
 </clothing>
 <clothing>
  <id>
   257505104
  </id>
  <name>
   Nike Sweater X-8733
  </name>
  <category>
   Sweater
  </category>
  <size>
   S
  </size>
  <color>
   Желтый
  </color>
  <material>
   Шелк
  </material>
  <price>
   571673
  </price>
  <rating>
   1.38
  </rating>
  <reviews>
   940829
  </reviews>
  <exclusive>
   no
  </exclusive>
  <sporty>
   no
  </sporty>
 </clothing>
 <clothing>
  <id>
   546052652
  </id>
  <name>
   Brooks Hat I-5902
  </name>
  <category>
   Hat
  </category>
  <size>
   S
  </size>
  <color>
   Фиолетовый
  </color>
  <material>
   Полиэстер
  </material>
  <price>
   360269
  </price>
  <rating>
   1.9
  </rating>
  <reviews>
   629189
  </reviews>
 </clothing>
 <clothing>
  <id>
   749842559
  </id>
  <name>
   Puma Socks O-4208
  </name>
  <category>
   Socks
  </category>
  <size>
   XL
  </size>
  <color>
   Фиолетовый
  </color>
  <material>
   Кожа
  </material>
  <price>
   114012
  </price>
  <rating>
   3.07
  </rating>
  <reviews>
   629939
  </reviews>
  <sporty>
   yes
  </sporty>
 </clothing>
 <clothing>
  <id>
   231328862
  </id>
  <name>
   Addidas Socks H-9702
  </name>
  <category>
   Socks
  </category>
  <size>
   L
  </size>
  <color>
   Оранжевый
  </color>
  <material>
   Полиэстер
  </material>
  <price>
   803058
  </price>
  <rating>
   1.67
  </rating>
  <reviews>
   219888
  </reviews>
  <new>
   -
  </new>
  <exclusive>
   yes
  </exclusive>
  <sporty>
   no
  </sporty>
 </clothing>
 <clothing>
  <id>
   157833934
  </id>
  <name>
   Brooks Skirt I-9659
  </name>
  <category>
   Skirt
  </category>
  <size>
   S
  </size>
  <color>
   Оранжевый
  </color>
  <material>
   Полиэстер
  </material>
  <price>
   512098
  </price>
  <rating>
   4.18
  </rating>
  <reviews>
   965489
  </reviews>
  <exclusive>
   yes
  </exclusive>
  <sporty>
   no
  </sporty>
 </clothing>
 <clothing>
  <id>
   535336136
  </id>
  <name>
   Under Armour Hat X-9496
  </name>
  <category>
   Hat
  </category>
  <size>
   XL
  </size>
  <color>
   Красный
  </color>
  <material>
   Полиэстер
  </material>
  <price>
   519616
  </price>
  <rating>
   1.11
  </rating>
  <reviews>
   520958
  </reviews>
  <new>
   -
  </new>
 </clothing>
 <clothing>
  <id>
   389450073
  </id>
  <name>
   Puma Socks D-7945
  </name>
  <category>
   Socks
  </category>
  <size>
   S
  </size>
  <color>
   Оранжевый
  </color>
  <material>
   Нейлон
  </material>
  <price>
   309395
  </price>
  <rating>
   2.26
  </rating>
  <reviews>
   15909
  </reviews>
  <exclusive>
   no
  </exclusive>
  <sporty>
   yes
  </sporty>
 </clothing>
 <clothing>
  <id>
   278957424
  </id>
  <name>
   DC Shoes P-1587
  </name>
  <category>
   Shoes
  </category>
  <size>
   M
  </size>
  <color>
   Фиолетовый
  </color>
  <material>
   Полиэстер
  </material>
  <price>
   519111
  </price>
  <rating>
   3.6
  </rating>
  <reviews>
   137756
  </reviews>
  <exclusive>
   yes
  </exclusive>
  <sporty>
   yes
  </sporty>
 </clothing>
 <clothing>
  <id>
   916823906
  </id>
  <name>
   Lacoste Gloves I-1784
  </name>
  <category>
   Gloves
  </category>
  <size>
   XL
  </size>
  <color>
   Желтый
  </color>
  <material>
   Вискоза
  </material>
  <price>
   830050
  </price>
  <rating>
   3.69
  </rating>
  <reviews>
   296432
  </reviews>
  <new>
   +
  </new>
  <exclusive>
   yes
  </exclusive>
  <sporty>
   no
  </sporty>
 </clothing>
 <clothing>
  <id>
   782401354
  </id>
  <name>
   PleinSport Jacket C-9310
  </name>
  <category>
   Jacket
  </category>
  <size>
   XL
  </size>
  <color>
   Синий
  </color>
  <material>
   Шерсть
  </material>
  <price>
   289365
  </price>
  <rating>
   2.54
  </rating>
  <reviews>
   666168
  </reviews>
  <new>
   -
  </new>
  <exclusive>
   no
  </exclusive>
  <sporty>
   yes
  </sporty>
 </clothing>
 <clothing>
  <id>
   783241185
  </id>
  <name>
   Reebok Sweater O-7875
  </name>
  <category>
   Sweater
  </category>
  <size>
   S
  </size>
  <color>
   Желтый
  </color>
  <material>
   Хлопок
  </material>
  <price>
   933485
  </price>
  <rating>
   3.99
  </rating>
  <reviews>
   140001
  </reviews>
  <sporty>
   no
  </sporty>
 </clothing>
 <clothing>
  <id>
   315654906
  </id>
  <name>
   Ellesse T-shirt A-6520
  </name>
  <category>
   T-shirt
  </category>
  <size>
   XXL
  </size>
  <color>
   Желтый
  </color>
  <material>
   Шелк
  </material>
  <price>
   293373
  </price>
  <rating>
   3.36
  </rating>
  <reviews>
   750931
  </reviews>
  <new>
   -
  </new>
  <exclusive>
   no
  </exclusive>
  <sporty>
   yes
  </sporty>
 </clothing>
 <clothing>
  <id>
   207003791
  </id>
  <name>
   Adidas Jeans Q-1564
  </name>
  <category>
   Jeans
  </category>
  <size>
   S
  </size>
  <color>
   Голубой
  </color>
  <material>
   Нейлон
  </material>
  <price>
   728128
  </price>
  <rating>
   3.27
  </rating>
  <reviews>
   10817
  </reviews>
  <new>
   -
  </new>
 </clothing>
 <clothing>
  <id>
   106918734
  </id>
  <name>
   New Balance Belts O-7197
  </name>
  <category>
   Belts
  </category>
  <size>
   XXL
  </size>
  <color>
   Желтый
  </color>
  <material>
   Нейлон
  </material>
  <price>
   527529
  </price>
  <rating>
   2.11
  </rating>
  <reviews>
   490707
  </reviews>
  <new>
   -
  </new>
  <exclusive>
   no
  </exclusive>
  <sporty>
   yes
  </sporty>
 </clothing>
 <clothing>
  <id>
   204479869
  </id>
  <name>
   Converse Shoes Y-8234
  </name>
  <category>
   Shoes
  </category>
  <size>
   XXL
  </size>
  <color>
   Зеленый
  </color>
  <material>
   Вискоза
  </material>
  <price>
   427190
  </price>
  <rating>
   1.13
  </rating>
  <reviews>
   448474
  </reviews>
  <new>
   -
  </new>
  <sporty>
   no
  </sporty>
 </clothing>
 <clothing>
  <id>
   820168760
  </id>
  <name>
   Under Armour Jacket O-6591
  </name>
  <category>
   Jacket
  </category>
  <size>
   XXL
  </size>
  <color>
   Желтый
  </color>
  <material>
   Лен
  </material>
  <price>
   745876
  </price>
  <rating>
   3.73
  </rating>
  <reviews>
   490491
  </reviews>
  <new>
   +
  </new>
  <exclusive>
   yes
  </exclusive>
 </clothing>
 <clothing>
  <id>
   929269548
  </id>
  <name>
   Converse Pants U-8154
  </name>
  <category>
   Pants
  </category>
  <size>
   XL
  </size>
  <color>
   Фиолетовый
  </color>
  <material>
   Кожа
  </material>
  <price>
   537939
  </price>
  <rating>
   1.05
  </rating>
  <reviews>
   753565
  </reviews>
  <exclusive>
   no
  </exclusive>
  <sporty>
   no
  </sporty>
 </clothing>
 <clothing>
  <id>
   874853255
  </id>
  <name>
   Addidas Shirt P-5292
  </name>
  <category>
   Shirt
  </category>
  <size>
   XXL
  </size>
  <color>
   Фиолетовый
  </color>
  <material>
   Кожа
  </material>
  <price>
   917428
  </price>
  <rating>
   4.27
  </rating>
  <reviews>
   95408
  </reviews>
  <new>
   -
  </new>
 </clothing>
 <clothing>
  <id>
   355773459
  </id>
  <name>
   Vans Handbags X-5835
  </name>
  <category>
   Handbags
  </category>
  <size>
   S
  </size>
  <color>
   Фиолетовый
  </color>
  <material>
   Вискоза
  </material>
  <price>
   206889
  </price>
  <rating>
   2.9
  </rating>
  <reviews>
   382014
  </reviews>
  <exclusive>
   no
  </exclusive>
 </clothing>
 <clothing>
  <id>
   725627618
  </id>
  <name>
   Converse Shirt K-9709
  </name>
  <category>
   Shirt
  </category>
  <size>
   XL
  </size>
  <color>
   Зеленый
  </color>
  <material>
   Лен
  </material>
  <price>
   727768
  </price>
  <rating>
   1.13
  </rating>
  <reviews>
   409608
  </reviews>
  <new>
   -
  </new>
 </clothing>
 <clothing>
  <id>
   490009998
  </id>
  <name>
   DC Pants B-3176
  </name>
  <category>
   Pants
  </category>
  <size>
   S
  </size>
  <color>
   Фиолетовый
  </color>
  <material>
   Полиэстер
  </material>
  <price>
   826544
  </price>
  <rating>
   4.24
  </rating>
  <reviews>
   185883
  </reviews>
  <exclusive>
   no
  </exclusive>
 </clothing>
 <clothing>
  <id>
   685889767
  </id>
  <name>
   Lacoste Umbrellas V-5153
  </name>
  <category>
   Umbrellas
  </category>
  <size>
   XXL
  </size>
  <color>
   Фиолетовый
  </color>
  <material>
   Лен
  </material>
  <price>
   628716
  </price>
  <rating>
   4.18
  </rating>
  <reviews>
   778655
  </reviews>
  <new>
   -
  </new>
  <exclusive>
   yes
  </exclusive>
  <sporty>
   no
  </sporty>
 </clothing>
 <clothing>
  <id>
   236615934
  </id>
  <name>
   DC Umbrellas F-6576
  </name>
  <category>
   Umbrellas
  </category>
  <size>
   M
  </size>
  <color>
   Желтый
  </color>
  <material>
   Нейлон
  </material>
  <price>
   795869
  </price>
  <rating>
   2.22
  </rating>
  <reviews>
   648699
  </reviews>
  <new>
   +
  </new>
  <exclusive>
   yes
  </exclusive>
  <sporty>
   no
  </sporty>
 </clothing>
 <clothing>
  <id>
   721465860
  </id>
  <name>
   Puma Skirt Q-9981
  </name>
  <category>
   Skirt
  </category>
  <size>
   M
  </size>
  <color>
   Фиолетовый
  </color>
  <material>
   Кожа
  </material>
  <price>
   109647
  </price>
  <rating>
   2.68
  </rating>
  <reviews>
   323030
  </reviews>
  <new>
   -
  </new>
  <exclusive>
   no
  </exclusive>
 </clothing>
 <clothing>
  <id>
   995839945
  </id>
  <name>
   Fila Skirt C-2984
  </name>
  <category>
   Skirt
  </category>
  <size>
   M
  </size>
  <color>
   Оранжевый
  </color>
  <material>
   Вискоза
  </material>
  <price>
   585314
  </price>
  <rating>
   3.12
  </rating>
  <reviews>
   291251
  </reviews>
  <new>
   -
  </new>
  <sporty>
   no
  </sporty>
 </clothing>
 <clothing>
  <id>
   134660793
  </id>
  <name>
   Under Armour Jeans P-6749
  </name>
  <category>
   Jeans
  </category>
  <size>
   XL
  </size>
  <color>
   Голубой
  </color>
  <material>
   Вискоза
  </material>
  <price>
   829996
  </price>
  <rating>
   2.99
  </rating>
  <reviews>
   313886
  </reviews>
 </clothing>
 <clothing>
  <id>
   837861251
  </id>
  <name>
   Fila Umbrellas A-9994
  </name>
  <category>
   Umbrellas
  </category>
  <size>
   XL
  </size>
  <color>
   Голубой
  </color>
  <material>
   Полиэстер
  </material>
  <price>
   997557
  </price>
  <rating>
   1.29
  </rating>
  <reviews>
   277621
  </reviews>
  <new>
   +
  </new>
  <sporty>
   yes
  </sporty>
 </clothing>
 <clothing>
  <id>
   936880224
  </id>
  <name>
   Ellesse T-shirt N-7008
  </name>
  <category>
   T-shirt
  </category>
  <size>
   XL
  </size>
  <color>
   Голубой
  </color>
  <material>
   Нейлон
  </material>
  <price>
   440173
  </price>
  <rating>
   2.76
  </rating>
  <reviews>
   450696
  </reviews>
 </clothing>
 <clothing>
  <id>
   180897858
  </id>
  <name>
   New Balance Umbrellas X-6499
  </name>
  <category>
   Umbrellas
  </category>
  <size>
   XXL
  </size>
  <color>
   Голубой
  </color>
  <material>
   Кожа
  </material>
  <price>
   559465
  </price>
  <rating>
   2.0
  </rating>
  <reviews>
   203212
  </reviews>
  <new>
   -
  </new>
 </clothing>
 <clothing>
  <id>
   527898206
  </id>
  <name>
   Converse T-shirt C-6914
  </name>
  <category>
   T-shirt
  </category>
  <size>
   XL
  </size>
  <color>
   Зеленый
  </color>
  <material>
   Полиэстер
  </material>
  <price>
   725835
  </price>
  <rating>
   1.45
  </rating>
  <reviews>
   102101
  </reviews>
  <new>
   +
  </new>
  <exclusive>
   no
  </exclusive>
  <sporty>
   yes
  </sporty>
 </clothing>
 <clothing>
  <id>
   718439402
  </id>
  <name>
   Ellesse Shoes K-4946
  </name>
  <category>
   Shoes
  </category>
  <size>
   S
  </size>
  <color>
   Зеленый
  </color>
  <material>
   Лен
  </material>
  <price>
   778409
  </price>
  <rating>
   2.29
  </rating>
  <reviews>
   373018
  </reviews>
  <exclusive>
   no
  </exclusive>
 </clothing>
 <clothing>
  <id>
   645996856
  </id>
  <name>
   Reebok Shirt B-1891
  </name>
  <category>
   Shirt
  </category>
  <size>
   XXL
  </size>
  <color>
   Желтый
  </color>
  <material>
   Кожа
  </material>
  <price>
   206890
  </price>
  <rating>
   2.51
  </rating>
  <reviews>
   734554
  </reviews>
  <exclusive>
   yes
  </exclusive>
  <sporty>
   no
  </sporty>
 </clothing>
 <clothing>
  <id>
   543094575
  </id>
  <name>
   New Balance Shirt P-5894
  </name>
  <category>
   Shirt
  </category>
  <size>
   XL
  </size>
  <color>
   Красный
  </color>
  <material>
   Нейлон
  </material>
  <price>
   988818
  </price>
  <rating>
   3.42
  </rating>
  <reviews>
   320644
  </reviews>
  <new>
   -
  </new>
  <exclusive>
   no
  </exclusive>
 </clothing>
 <clothing>
  <id>
   769211519
  </id>
  <name>
   Brooks Jacket L-3407
  </name>
  <category>
   Jacket
  </category>
  <size>
   XXL
  </size>
  <color>
   Зеленый
  </color>
  <material>
   Нейлон
  </material>
  <price>
   417662
  </price>
  <rating>
   1.69
  </rating>
  <reviews>
   818424
  </reviews>
  <new>
   +
  </new>
  <exclusive>
   yes
  </exclusive>
 </clothing>
</clothing-items>
