<?xml version="1.0" encoding="utf-8"?>
<clothing-items>
 <clothing>
  <id>
   942882543
  </id>
  <name>
   Fila Socks E-7014
  </name>
  <category>
   Socks
  </category>
  <size>
   L
  </size>
  <color>
   Зеленый
  </color>
  <material>
   Кожа
  </material>
  <price>
   457757
  </price>
  <rating>
   3.97
  </rating>
  <reviews>
   531470
  </reviews>
  <exclusive>
   no
  </exclusive>
  <sporty>
   no
  </sporty>
 </clothing>
 <clothing>
  <id>
   802543877
  </id>
  <name>
   Puma Blouse D-5803
  </name>
  <category>
   Blouse
  </category>
  <size>
   XXL
  </size>
  <color>
   Синий
  </color>
  <material>
   Вискоза
  </material>
  <price>
   434386
  </price>
  <rating>
   4.37
  </rating>
  <reviews>
   732478
  </reviews>
  <new>
   -
  </new>
  <exclusive>
   yes
  </exclusive>
  <sporty>
   yes
  </sporty>
 </clothing>
 <clothing>
  <id>
   288862032
  </id>
  <name>
   DC Socks V-9198
  </name>
  <category>
   Socks
  </category>
  <size>
   M
  </size>
  <color>
   Синий
  </color>
  <material>
   Шерсть
  </material>
  <price>
   357821
  </price>
  <rating>
   4.96
  </rating>
  <reviews>
   793398
  </reviews>
  <new>
   -
  </new>
  <sporty>
   yes
  </sporty>
 </clothing>
 <clothing>
  <id>
   145529391
  </id>
  <name>
   Nike Dress N-5237
  </name>
  <category>
   Dress
  </category>
  <size>
   L
  </size>
  <color>
   Зеленый
  </color>
  <material>
   Шелк
  </material>
  <price>
   939512
  </price>
  <rating>
   2.72
  </rating>
  <reviews>
   949839
  </reviews>
  <new>
   +
  </new>
  <sporty>
   no
  </sporty>
 </clothing>
 <clothing>
  <id>
   842815955
  </id>
  <name>
   Adidas Belts D-7554
  </name>
  <category>
   Belts
  </category>
  <size>
   XXL
  </size>
  <color>
   Зеленый
  </color>
  <material>
   Шерсть
  </material>
  <price>
   189531
  </price>
  <rating>
   1.19
  </rating>
  <reviews>
   438789
  </reviews>
  <new>
   -
  </new>
  <exclusive>
   yes
  </exclusive>
  <sporty>
   yes
  </sporty>
 </clothing>
 <clothing>
  <id>
   239702361
  </id>
  <name>
   PleinSport Gloves Y-1999
  </name>
  <category>
   Gloves
  </category>
  <size>
   XXL
  </size>
  <color>
   Фиолетовый
  </color>
  <material>
   Лен
  </material>
  <price>
   903038
  </price>
  <rating>
   4.59
  </rating>
  <reviews>
   685402
  </reviews>
  <new>
   +
  </new>
  <exclusive>
   no
  </exclusive>
 </clothing>
 <clothing>
  <id>
   301603252
  </id>
  <name>
   Asics T-shirt Y-3455
  </name>
  <category>
   T-shirt
  </category>
  <size>
   XXL
  </size>
  <color>
   Голубой
  </color>
  <material>
   Полиэстер
  </material>
  <price>
   276990
  </price>
  <rating>
   4.9
  </rating>
  <reviews>
   532918
  </reviews>
  <exclusive>
   no
  </exclusive>
  <sporty>
   yes
  </sporty>
 </clothing>
 <clothing>
  <id>
   983375573
  </id>
  <name>
   Reebok Hat U-2168
  </name>
  <category>
   Hat
  </category>
  <size>
   L
  </size>
  <color>
   Зеленый
  </color>
  <material>
   Нейлон
  </material>
  <price>
   280148
  </price>
  <rating>
   3.57
  </rating>
  <reviews>
   795363
  </reviews>
  <sporty>
   no
  </sporty>
 </clothing>
 <clothing>
  <id>
   538046210
  </id>
  <name>
   PleinSport Handbags R-8292
  </name>
  <category>
   Handbags
  </category>
  <size>
   XXL
  </size>
  <color>
   Фиолетовый
  </color>
  <material>
   Шерсть
  </material>
  <price>
   798467
  </price>
  <rating>
   3.04
  </rating>
  <reviews>
   621692
  </reviews>
  <new>
   +
  </new>
  <exclusive>
   no
  </exclusive>
 </clothing>
 <clothing>
  <id>
   935922382
  </id>
  <name>
   PleinSport Umbrellas V-2520
  </name>
  <category>
   Umbrellas
  </category>
  <size>
   XXL
  </size>
  <color>
   Зеленый
  </color>
  <material>
   Вискоза
  </material>
  <price>
   653282
  </price>
  <rating>
   2.43
  </rating>
  <reviews>
   240866
  </reviews>
  <sporty>
   no
  </sporty>
 </clothing>
 <clothing>
  <id>
   598423749
  </id>
  <name>
   New Balance Pants F-9504
  </name>
  <category>
   Pants
  </category>
  <size>
   XXL
  </size>
  <color>
   Фиолетовый
  </color>
  <material>
   Шерсть
  </material>
  <price>
   150737
  </price>
  <rating>
   4.76
  </rating>
  <reviews>
   26620
  </reviews>
  <exclusive>
   no
  </exclusive>
 </clothing>
 <clothing>
  <id>
   773726727
  </id>
  <name>
   New Balance Pants I-1399
  </name>
  <category>
   Pants
  </category>
  <size>
   XL
  </size>
  <color>
   Синий
  </color>
  <material>
   Лен
  </material>
  <price>
   213758
  </price>
  <rating>
   1.12
  </rating>
  <reviews>
   526851
  </reviews>
  <new>
   +
  </new>
  <exclusive>
   yes
  </exclusive>
 </clothing>
 <clothing>
  <id>
   312219158
  </id>
  <name>
   Adidas Blouse G-4249
  </name>
  <category>
   Blouse
  </category>
  <size>
   L
  </size>
  <color>
   Фиолетовый
  </color>
  <material>
   Хлопок
  </material>
  <price>
   370522
  </price>
  <rating>
   2.84
  </rating>
  <reviews>
   291680
  </reviews>
  <sporty>
   no
  </sporty>
 </clothing>
 <clothing>
  <id>
   775607153
  </id>
  <name>
   New Balance Jacket D-3136
  </name>
  <category>
   Jacket
  </category>
  <size>
   M
  </size>
  <color>
   Фиолетовый
  </color>
  <material>
   Полиэстер
  </material>
  <price>
   914965
  </price>
  <rating>
   4.17
  </rating>
  <reviews>
   874617
  </reviews>
  <exclusive>
   no
  </exclusive>
  <sporty>
   no
  </sporty>
 </clothing>
 <clothing>
  <id>
   178441441
  </id>
  <name>
   New Balance Handbags Y-2040
  </name>
  <category>
   Handbags
  </category>
  <size>
   L
  </size>
  <color>
   Зеленый
  </color>
  <material>
   Шелк
  </material>
  <price>
   308440
  </price>
  <rating>
   1.27
  </rating>
  <reviews>
   606725
  </reviews>
  <new>
   +
  </new>
  <exclusive>
   no
  </exclusive>
 </clothing>
 <clothing>
  <id>
   824035054
  </id>
  <name>
   Vans Hat V-2820
  </name>
  <category>
   Hat
  </category>
  <size>
   S
  </size>
  <color>
   Синий
  </color>
  <material>
   Полиэстер
  </material>
  <price>
   214722
  </price>
  <rating>
   2.62
  </rating>
  <reviews>
   726410
  </reviews>
  <sporty>
   no
  </sporty>
 </clothing>
 <clothing>
  <id>
   417625600
  </id>
  <name>
   Lacoste T-shirt F-2297
  </name>
  <category>
   T-shirt
  </category>
  <size>
   S
  </size>
  <color>
   Оранжевый
  </color>
  <material>
   Кожа
  </material>
  <price>
   982229
  </price>
  <rating>
   3.81
  </rating>
  <reviews>
   55351
  </reviews>
  <new>
   -
  </new>
  <sporty>
   no
  </sporty>
 </clothing>
 <clothing>
  <id>
   171378320
  </id>
  <name>
   Puma Hat U-1869
  </name>
  <category>
   Hat
  </category>
  <size>
   M
  </size>
  <color>
   Зеленый
  </color>
  <material>
   Кожа
  </material>
  <price>
   179429
  </price>
  <rating>
   2.22
  </rating>
  <reviews>
   959699
  </reviews>
  <new>
   -
  </new>
  <exclusive>
   no
  </exclusive>
 </clothing>
 <clothing>
  <id>
   709424885
  </id>
  <name>
   Reebok Shoes M-2322
  </name>
  <category>
   Shoes
  </category>
  <size>
   XXL
  </size>
  <color>
   Голубой
  </color>
  <material>
   Нейлон
  </material>
  <price>
   377471
  </price>
  <rating>
   2.13
  </rating>
  <reviews>
   123320
  </reviews>
  <new>
   +
  </new>
  <exclusive>
   yes
  </exclusive>
  <sporty>
   no
  </sporty>
 </clothing>
 <clothing>
  <id>
   226542481
  </id>
  <name>
   Nike Belts O-5383
  </name>
  <category>
   Belts
  </category>
  <size>
   L
  </size>
  <color>
   Зеленый
  </color>
  <material>
   Шерсть
  </material>
  <price>
   298270
  </price>
  <rating>
   3.29
  </rating>
  <reviews>
   464112
  </reviews>
  <sporty>
   no
  </sporty>
 </clothing>
 <clothing>
  <id>
   987216571
  </id>
  <name>
   New Balance Dress M-2067
  </name>
  <category>
   Dress
  </category>
  <size>
   S
  </size>
  <color>
   Желтый
  </color>
  <material>
   Шерсть
  </material>
  <price>
   198467
  </price>
  <rating>
   4.39
  </rating>
  <reviews>
   760662
  </reviews>
  <new>
   -
  </new>
 </clothing>
 <clothing>
  <id>
   283404161
  </id>
  <name>
   Vans Shoes O-9698
  </name>
  <category>
   Shoes
  </category>
  <size>
   M
  </size>
  <color>
   Желтый
  </color>
  <material>
   Хлопок
  </material>
  <price>
   689065
  </price>
  <rating>
   3.39
  </rating>
  <reviews>
   771385
  </reviews>
  <exclusive>
   no
  </exclusive>
  <sporty>
   yes
  </sporty>
 </clothing>
 <clothing>
  <id>
   909590309
  </id>
  <name>
   Puma Belts I-9424
  </name>
  <category>
   Belts
  </category>
  <size>
   XL
  </size>
  <color>
   Синий
  </color>
  <material>
   Шерсть
  </material>
  <price>
   614226
  </price>
  <rating>
   2.17
  </rating>
  <reviews>
   668923
  </reviews>
  <exclusive>
   no
  </exclusive>
  <sporty>
   no
  </sporty>
 </clothing>
 <clothing>
  <id>
   551344633
  </id>
  <name>
   Asics Belts I-2119
  </name>
  <category>
   Belts
  </category>
  <size>
   M
  </size>
  <color>
   Красный
  </color>
  <material>
   Кожа
  </material>
  <price>
   179019
  </price>
  <rating>
   1.63
  </rating>
  <reviews>
   527289
  </reviews>
  <exclusive>
   no
  </exclusive>
 </clothing>
 <clothing>
  <id>
   310913480
  </id>
  <name>
   Reebok Hat L-6589
  </name>
  <category>
   Hat
  </category>
  <size>
   S
  </size>
  <color>
   Желтый
  </color>
  <material>
   Шерсть
  </material>
  <price>
   205282
  </price>
  <rating>
   2.03
  </rating>
  <reviews>
   912807
  </reviews>
  <new>
   -
  </new>
  <sporty>
   no
  </sporty>
 </clothing>
 <clothing>
  <id>
   807307907
  </id>
  <name>
   Addidas Shoes T-4572
  </name>
  <category>
   Shoes
  </category>
  <size>
   L
  </size>
  <color>
   Оранжевый
  </color>
  <material>
   Шерсть
  </material>
  <price>
   905089
  </price>
  <rating>
   3.9
  </rating>
  <reviews>
   284123
  </reviews>
  <new>
   +
  </new>
  <exclusive>
   yes
  </exclusive>
 </clothing>
 <clothing>
  <id>
   897709493
  </id>
  <name>
   Adidas Jeans Y-7184
  </name>
  <category>
   Jeans
  </category>
  <size>
   M
  </size>
  <color>
   Фиолетовый
  </color>
  <material>
   Лен
  </material>
  <price>
   856583
  </price>
  <rating>
   2.31
  </rating>
  <reviews>
   511781
  </reviews>
  <new>
   -
  </new>
  <exclusive>
   no
  </exclusive>
  <sporty>
   yes
  </sporty>
 </clothing>
 <clothing>
  <id>
   664003561
  </id>
  <name>
   Vans Umbrellas Z-6446
  </name>
  <category>
   Umbrellas
  </category>
  <size>
   XL
  </size>
  <color>
   Оранжевый
  </color>
  <material>
   Хлопок
  </material>
  <price>
   349154
  </price>
  <rating>
   3.65
  </rating>
  <reviews>
   951290
  </reviews>
  <new>
   +
  </new>
  <exclusive>
   yes
  </exclusive>
  <sporty>
   yes
  </sporty>
 </clothing>
 <clothing>
  <id>
   659975379
  </id>
  <name>
   Vans T-shirt U-4502
  </name>
  <category>
   T-shirt
  </category>
  <size>
   L
  </size>
  <color>
   Зеленый
  </color>
  <material>
   Шерсть
  </material>
  <price>
   417578
  </price>
  <rating>
   3.54
  </rating>
  <reviews>
   630150
  </reviews>
  <new>
   -
  </new>
  <exclusive>
   no
  </exclusive>
  <sporty>
   yes
  </sporty>
 </clothing>
 <clothing>
  <id>
   713430257
  </id>
  <name>
   Addidas Dress U-4985
  </name>
  <category>
   Dress
  </category>
  <size>
   S
  </size>
  <color>
   Синий
  </color>
  <material>
   Кожа
  </material>
  <price>
   742301
  </price>
  <rating>
   3.94
  </rating>
  <reviews>
   439086
  </reviews>
  <new>
   -
  </new>
 </clothing>
 <clothing>
  <id>
   470212270
  </id>
  <name>
   Ellesse Hat I-8793
  </name>
  <category>
   Hat
  </category>
  <size>
   M
  </size>
  <color>
   Красный
  </color>
  <material>
   Хлопок
  </material>
  <price>
   192773
  </price>
  <rating>
   4.96
  </rating>
  <reviews>
   869334
  </reviews>
  <exclusive>
   yes
  </exclusive>
  <sporty>
   no
  </sporty>
 </clothing>
 <clothing>
  <id>
   986847795
  </id>
  <name>
   Brooks Hat G-5377
  </name>
  <category>
   Hat
  </category>
  <size>
   XL
  </size>
  <color>
   Желтый
  </color>
  <material>
   Полиэстер
  </material>
  <price>
   842568
  </price>
  <rating>
   1.3
  </rating>
  <reviews>
   274850
  </reviews>
  <new>
   +
  </new>
  <exclusive>
   no
  </exclusive>
 </clothing>
 <clothing>
  <id>
   720900462
  </id>
  <name>
   Lacoste Belts G-3194
  </name>
  <category>
   Belts
  </category>
  <size>
   XXL
  </size>
  <color>
   Красный
  </color>
  <material>
   Шелк
  </material>
  <price>
   954799
  </price>
  <rating>
   2.35
  </rating>
  <reviews>
   476390
  </reviews>
  <exclusive>
   no
  </exclusive>
  <sporty>
   yes
  </sporty>
 </clothing>
 <clothing>
  <id>
   144050546
  </id>
  <name>
   Adidas Belts C-7579
  </name>
  <category>
   Belts
  </category>
  <size>
   XL
  </size>
  <color>
   Синий
  </color>
  <material>
   Лен
  </material>
  <price>
   325614
  </price>
  <rating>
   1.42
  </rating>
  <reviews>
   502411
  </reviews>
  <exclusive>
   yes
  </exclusive>
  <sporty>
   yes
  </sporty>
 </clothing>
 <clothing>
  <id>
   161478647
  </id>
  <name>
   Nike Blouse B-7656
  </name>
  <category>
   Blouse
  </category>
  <size>
   S
  </size>
  <color>
   Фиолетовый
  </color>
  <material>
   Шерсть
  </material>
  <price>
   486249
  </price>
  <rating>
   3.6
  </rating>
  <reviews>
   424702
  </reviews>
  <new>
   -
  </new>
  <sporty>
   no
  </sporty>
 </clothing>
 <clothing>
  <id>
   278038657
  </id>
  <name>
   Vans Jacket E-1571
  </name>
  <category>
   Jacket
  </category>
  <size>
   L
  </size>
  <color>
   Синий
  </color>
  <material>
   Шелк
  </material>
  <price>
   662033
  </price>
  <rating>
   3.14
  </rating>
  <reviews>
   704404
  </reviews>
  <exclusive>
   yes
  </exclusive>
  <sporty>
   no
  </sporty>
 </clothing>
 <clothing>
  <id>
   278550136
  </id>
  <name>
   Addidas Shirt Z-9406
  </name>
  <category>
   Shirt
  </category>
  <size>
   XXL
  </size>
  <color>
   Красный
  </color>
  <material>
   Вискоза
  </material>
  <price>
   840587
  </price>
  <rating>
   4.56
  </rating>
  <reviews>
   12221
  </reviews>
  <new>
   -
  </new>
  <exclusive>
   yes
  </exclusive>
  <sporty>
   no
  </sporty>
 </clothing>
 <clothing>
  <id>
   819002659
  </id>
  <name>
   New Balance Shirt P-6658
  </name>
  <category>
   Shirt
  </category>
  <size>
   M
  </size>
  <color>
   Желтый
  </color>
  <material>
   Вискоза
  </material>
  <price>
   874375
  </price>
  <rating>
   4.34
  </rating>
  <reviews>
   738653
  </reviews>
  <exclusive>
   no
  </exclusive>
  <sporty>
   no
  </sporty>
 </clothing>
 <clothing>
  <id>
   132321972
  </id>
  <name>
   Ellesse Shoes X-9734
  </name>
  <category>
   Shoes
  </category>
  <size>
   XXL
  </size>
  <color>
   Зеленый
  </color>
  <material>
   Лен
  </material>
  <price>
   220570
  </price>
  <rating>
   2.59
  </rating>
  <reviews>
   402980
  </reviews>
  <new>
   +
  </new>
  <exclusive>
   yes
  </exclusive>
 </clothing>
 <clothing>
  <id>
   790364435
  </id>
  <name>
   DC Skirt O-5258
  </name>
  <category>
   Skirt
  </category>
  <size>
   S
  </size>
  <color>
   Красный
  </color>
  <material>
   Шелк
  </material>
  <price>
   344284
  </price>
  <rating>
   4.4
  </rating>
  <reviews>
   47072
  </reviews>
  <new>
   -
  </new>
  <exclusive>
   no
  </exclusive>
 </clothing>
 <clothing>
  <id>
   927268121
  </id>
  <name>
   Ellesse Socks H-9052
  </name>
  <category>
   Socks
  </category>
  <size>
   XXL
  </size>
  <color>
   Синий
  </color>
  <material>
   Нейлон
  </material>
  <price>
   358956
  </price>
  <rating>
   3.45
  </rating>
  <reviews>
   304926
  </reviews>
  <exclusive>
   no
  </exclusive>
  <sporty>
   yes
  </sporty>
 </clothing>
 <clothing>
  <id>
   537870645
  </id>
  <name>
   Nike Shoes F-4572
  </name>
  <category>
   Shoes
  </category>
  <size>
   L
  </size>
  <color>
   Красный
  </color>
  <material>
   Кожа
  </material>
  <price>
   195020
  </price>
  <rating>
   4.16
  </rating>
  <reviews>
   972378
  </reviews>
  <new>
   +
  </new>
 </clothing>
 <clothing>
  <id>
   519335071
  </id>
  <name>
   PleinSport Blouse S-6125
  </name>
  <category>
   Blouse
  </category>
  <size>
   M
  </size>
  <color>
   Голубой
  </color>
  <material>
   Хлопок
  </material>
  <price>
   450844
  </price>
  <rating>
   2.48
  </rating>
  <reviews>
   664533
  </reviews>
  <sporty>
   no
  </sporty>
 </clothing>
 <clothing>
  <id>
   399408543
  </id>
  <name>
   Brooks Sweater O-1073
  </name>
  <category>
   Sweater
  </category>
  <size>
   XL
  </size>
  <color>
   Красный
  </color>
  <material>
   Полиэстер
  </material>
  <price>
   829735
  </price>
  <rating>
   4.44
  </rating>
  <reviews>
   788090
  </reviews>
  <new>
   -
  </new>
  <sporty>
   yes
  </sporty>
 </clothing>
 <clothing>
  <id>
   835178320
  </id>
  <name>
   PleinSport Gloves D-7971
  </name>
  <category>
   Gloves
  </category>
  <size>
   S
  </size>
  <color>
   Голубой
  </color>
  <material>
   Кожа
  </material>
  <price>
   549072
  </price>
  <rating>
   1.74
  </rating>
  <reviews>
   850718
  </reviews>
 </clothing>
 <clothing>
  <id>
   130032516
  </id>
  <name>
   Under Armour Gloves T-8415
  </name>
  <category>
   Gloves
  </category>
  <size>
   M
  </size>
  <color>
   Оранжевый
  </color>
  <material>
   Вискоза
  </material>
  <price>
   685206
  </price>
  <rating>
   3.71
  </rating>
  <reviews>
   227184
  </reviews>
  <exclusive>
   no
  </exclusive>
 </clothing>
 <clothing>
  <id>
   667407334
  </id>
  <name>
   Puma Gloves C-9432
  </name>
  <category>
   Gloves
  </category>
  <size>
   M
  </size>
  <color>
   Красный
  </color>
  <material>
   Шелк
  </material>
  <price>
   373443
  </price>
  <rating>
   1.25
  </rating>
  <reviews>
   342350
  </reviews>
  <new>
   -
  </new>
  <exclusive>
   no
  </exclusive>
  <sporty>
   yes
  </sporty>
 </clothing>
 <clothing>
  <id>
   713209306
  </id>
  <name>
   Nike Skirt R-5455
  </name>
  <category>
   Skirt
  </category>
  <size>
   XL
  </size>
  <color>
   Зеленый
  </color>
  <material>
   Полиэстер
  </material>
  <price>
   380197
  </price>
  <rating>
   4.04
  </rating>
  <reviews>
   143164
  </reviews>
  <new>
   -
  </new>
  <exclusive>
   no
  </exclusive>
  <sporty>
   yes
  </sporty>
 </clothing>
</clothing-items>
