<?xml version="1.0" encoding="utf-8"?>
<clothing-items>
 <clothing>
  <id>
   155913808
  </id>
  <name>
   Ellesse Skirt G-9471
  </name>
  <category>
   Skirt
  </category>
  <size>
   XL
  </size>
  <color>
   Голубой
  </color>
  <material>
   Лен
  </material>
  <price>
   475806
  </price>
  <rating>
   1.29
  </rating>
  <reviews>
   975161
  </reviews>
  <new>
   -
  </new>
 </clothing>
 <clothing>
  <id>
   370079721
  </id>
  <name>
   Asics Blouse Y-4295
  </name>
  <category>
   Blouse
  </category>
  <size>
   M
  </size>
  <color>
   Оранжевый
  </color>
  <material>
   Вискоза
  </material>
  <price>
   246311
  </price>
  <rating>
   3.32
  </rating>
  <reviews>
   970016
  </reviews>
  <exclusive>
   no
  </exclusive>
 </clothing>
 <clothing>
  <id>
   756157736
  </id>
  <name>
   New Balance Handbags Q-2721
  </name>
  <category>
   Handbags
  </category>
  <size>
   L
  </size>
  <color>
   Голубой
  </color>
  <material>
   Лен
  </material>
  <price>
   916380
  </price>
  <rating>
   4.43
  </rating>
  <reviews>
   322083
  </reviews>
  <exclusive>
   no
  </exclusive>
 </clothing>
 <clothing>
  <id>
   560016085
  </id>
  <name>
   Addidas Blouse T-6792
  </name>
  <category>
   Blouse
  </category>
  <size>
   S
  </size>
  <color>
   Зеленый
  </color>
  <material>
   Хлопок
  </material>
  <price>
   167068
  </price>
  <rating>
   3.1
  </rating>
  <reviews>
   144989
  </reviews>
  <exclusive>
   no
  </exclusive>
  <sporty>
   yes
  </sporty>
 </clothing>
 <clothing>
  <id>
   431440594
  </id>
  <name>
   Lacoste Socks G-4419
  </name>
  <category>
   Socks
  </category>
  <size>
   XL
  </size>
  <color>
   Красный
  </color>
  <material>
   Кожа
  </material>
  <price>
   780479
  </price>
  <rating>
   3.5
  </rating>
  <reviews>
   402173
  </reviews>
  <new>
   +
  </new>
  <sporty>
   yes
  </sporty>
 </clothing>
 <clothing>
  <id>
   972279640
  </id>
  <name>
   New Balance Belts K-6450
  </name>
  <category>
   Belts
  </category>
  <size>
   XXL
  </size>
  <color>
   Фиолетовый
  </color>
  <material>
   Нейлон
  </material>
  <price>
   963136
  </price>
  <rating>
   1.79
  </rating>
  <reviews>
   253682
  </reviews>
  <new>
   -
  </new>
  <exclusive>
   no
  </exclusive>
  <sporty>
   no
  </sporty>
 </clothing>
 <clothing>
  <id>
   139963167
  </id>
  <name>
   Puma Handbags V-3979
  </name>
  <category>
   Handbags
  </category>
  <size>
   XXL
  </size>
  <color>
   Оранжевый
  </color>
  <material>
   Хлопок
  </material>
  <price>
   569590
  </price>
  <rating>
   4.91
  </rating>
  <reviews>
   993998
  </reviews>
  <exclusive>
   yes
  </exclusive>
  <sporty>
   no
  </sporty>
 </clothing>
 <clothing>
  <id>
   530325097
  </id>
  <name>
   Reebok Dress N-5954
  </name>
  <category>
   Dress
  </category>
  <size>
   S
  </size>
  <color>
   Фиолетовый
  </color>
  <material>
   Кожа
  </material>
  <price>
   213450
  </price>
  <rating>
   3.12
  </rating>
  <reviews>
   736640
  </reviews>
  <new>
   +
  </new>
  <exclusive>
   no
  </exclusive>
  <sporty>
   no
  </sporty>
 </clothing>
 <clothing>
  <id>
   637811552
  </id>
  <name>
   Lacoste Jacket R-3691
  </name>
  <category>
   Jacket
  </category>
  <size>
   XL
  </size>
  <color>
   Синий
  </color>
  <material>
   Нейлон
  </material>
  <price>
   250291
  </price>
  <rating>
   3.83
  </rating>
  <reviews>
   154044
  </reviews>
  <new>
   +
  </new>
  <exclusive>
   yes
  </exclusive>
 </clothing>
 <clothing>
  <id>
   600621834
  </id>
  <name>
   Addidas Dress K-8979
  </name>
  <category>
   Dress
  </category>
  <size>
   XXL
  </size>
  <color>
   Оранжевый
  </color>
  <material>
   Шелк
  </material>
  <price>
   289924
  </price>
  <rating>
   2.32
  </rating>
  <reviews>
   109181
  </reviews>
  <new>
   -
  </new>
 </clothing>
 <clothing>
  <id>
   915546698
  </id>
  <name>
   Vans Dress T-8192
  </name>
  <category>
   Dress
  </category>
  <size>
   XXL
  </size>
  <color>
   Оранжевый
  </color>
  <material>
   Вискоза
  </material>
  <price>
   965753
  </price>
  <rating>
   1.78
  </rating>
  <reviews>
   495978
  </reviews>
  <exclusive>
   yes
  </exclusive>
  <sporty>
   no
  </sporty>
 </clothing>
 <clothing>
  <id>
   695661414
  </id>
  <name>
   Converse Pants V-9606
  </name>
  <category>
   Pants
  </category>
  <size>
   M
  </size>
  <color>
   Желтый
  </color>
  <material>
   Лен
  </material>
  <price>
   956983
  </price>
  <rating>
   4.98
  </rating>
  <reviews>
   541919
  </reviews>
  <new>
   +
  </new>
  <sporty>
   yes
  </sporty>
 </clothing>
 <clothing>
  <id>
   836955921
  </id>
  <name>
   PleinSport Shoes S-4407
  </name>
  <category>
   Shoes
  </category>
  <size>
   L
  </size>
  <color>
   Синий
  </color>
  <material>
   Хлопок
  </material>
  <price>
   928057
  </price>
  <rating>
   4.25
  </rating>
  <reviews>
   364378
  </reviews>
  <new>
   -
  </new>
  <exclusive>
   no
  </exclusive>
  <sporty>
   yes
  </sporty>
 </clothing>
 <clothing>
  <id>
   854094565
  </id>
  <name>
   Ellesse Hat Y-4401
  </name>
  <category>
   Hat
  </category>
  <size>
   L
  </size>
  <color>
   Зеленый
  </color>
  <material>
   Нейлон
  </material>
  <price>
   917225
  </price>
  <rating>
   1.54
  </rating>
  <reviews>
   269946
  </reviews>
  <exclusive>
   no
  </exclusive>
  <sporty>
   no
  </sporty>
 </clothing>
 <clothing>
  <id>
   715216492
  </id>
  <name>
   Converse Shoes U-5384
  </name>
  <category>
   Shoes
  </category>
  <size>
   M
  </size>
  <color>
   Желтый
  </color>
  <material>
   Полиэстер
  </material>
  <price>
   897177
  </price>
  <rating>
   2.47
  </rating>
  <reviews>
   113415
  </reviews>
  <exclusive>
   yes
  </exclusive>
  <sporty>
   no
  </sporty>
 </clothing>
 <clothing>
  <id>
   495266498
  </id>
  <name>
   Lacoste Sweater I-6657
  </name>
  <category>
   Sweater
  </category>
  <size>
   L
  </size>
  <color>
   Зеленый
  </color>
  <material>
   Лен
  </material>
  <price>
   803471
  </price>
  <rating>
   3.11
  </rating>
  <reviews>
   226205
  </reviews>
  <new>
   +
  </new>
  <exclusive>
   yes
  </exclusive>
 </clothing>
 <clothing>
  <id>
   157921457
  </id>
  <name>
   New Balance Blouse B-6762
  </name>
  <category>
   Blouse
  </category>
  <size>
   S
  </size>
  <color>
   Оранжевый
  </color>
  <material>
   Шелк
  </material>
  <price>
   745553
  </price>
  <rating>
   3.37
  </rating>
  <reviews>
   895096
  </reviews>
  <new>
   -
  </new>
  <exclusive>
   no
  </exclusive>
  <sporty>
   no
  </sporty>
 </clothing>
 <clothing>
  <id>
   656308718
  </id>
  <name>
   Puma Shirt Y-9877
  </name>
  <category>
   Shirt
  </category>
  <size>
   M
  </size>
  <color>
   Оранжевый
  </color>
  <material>
   Шелк
  </material>
  <price>
   254614
  </price>
  <rating>
   1.14
  </rating>
  <reviews>
   57247
  </reviews>
  <new>
   -
  </new>
 </clothing>
 <clothing>
  <id>
   743750388
  </id>
  <name>
   Asics Dress C-6481
  </name>
  <category>
   Dress
  </category>
  <size>
   M
  </size>
  <color>
   Желтый
  </color>
  <material>
   Шерсть
  </material>
  <price>
   562657
  </price>
  <rating>
   4.28
  </rating>
  <reviews>
   256212
  </reviews>
  <new>
   -
  </new>
  <exclusive>
   no
  </exclusive>
  <sporty>
   yes
  </sporty>
 </clothing>
 <clothing>
  <id>
   394447281
  </id>
  <name>
   Ellesse Dress M-3615
  </name>
  <category>
   Dress
  </category>
  <size>
   XXL
  </size>
  <color>
   Фиолетовый
  </color>
  <material>
   Кожа
  </material>
  <price>
   244043
  </price>
  <rating>
   1.0
  </rating>
  <reviews>
   276824
  </reviews>
  <new>
   -
  </new>
  <exclusive>
   no
  </exclusive>
 </clothing>
 <clothing>
  <id>
   760215425
  </id>
  <name>
   DC Jeans I-7083
  </name>
  <category>
   Jeans
  </category>
  <size>
   S
  </size>
  <color>
   Фиолетовый
  </color>
  <material>
   Полиэстер
  </material>
  <price>
   182195
  </price>
  <rating>
   4.65
  </rating>
  <reviews>
   680910
  </reviews>
  <new>
   -
  </new>
  <exclusive>
   no
  </exclusive>
  <sporty>
   yes
  </sporty>
 </clothing>
 <clothing>
  <id>
   156510456
  </id>
  <name>
   DC Shirt G-6512
  </name>
  <category>
   Shirt
  </category>
  <size>
   S
  </size>
  <color>
   Красный
  </color>
  <material>
   Кожа
  </material>
  <price>
   795870
  </price>
  <rating>
   3.11
  </rating>
  <reviews>
   681335
  </reviews>
  <new>
   -
  </new>
  <exclusive>
   no
  </exclusive>
 </clothing>
 <clothing>
  <id>
   621123211
  </id>
  <name>
   Nike Gloves A-2942
  </name>
  <category>
   Gloves
  </category>
  <size>
   XL
  </size>
  <color>
   Синий
  </color>
  <material>
   Кожа
  </material>
  <price>
   326649
  </price>
  <rating>
   1.55
  </rating>
  <reviews>
   469866
  </reviews>
  <sporty>
   no
  </sporty>
 </clothing>
 <clothing>
  <id>
   699096394
  </id>
  <name>
   Puma Gloves G-6655
  </name>
  <category>
   Gloves
  </category>
  <size>
   XXL
  </size>
  <color>
   Голубой
  </color>
  <material>
   Полиэстер
  </material>
  <price>
   389872
  </price>
  <rating>
   3.0
  </rating>
  <reviews>
   188198
  </reviews>
  <new>
   -
  </new>
  <exclusive>
   no
  </exclusive>
  <sporty>
   yes
  </sporty>
 </clothing>
 <clothing>
  <id>
   728625793
  </id>
  <name>
   DC Hat T-2224
  </name>
  <category>
   Hat
  </category>
  <size>
   L
  </size>
  <color>
   Синий
  </color>
  <material>
   Шерсть
  </material>
  <price>
   835390
  </price>
  <rating>
   1.87
  </rating>
  <reviews>
   901645
  </reviews>
  <exclusive>
   no
  </exclusive>
 </clothing>
 <clothing>
  <id>
   834285156
  </id>
  <name>
   New Balance Shirt V-2664
  </name>
  <category>
   Shirt
  </category>
  <size>
   XL
  </size>
  <color>
   Фиолетовый
  </color>
  <material>
   Полиэстер
  </material>
  <price>
   329173
  </price>
  <rating>
   2.46
  </rating>
  <reviews>
   989867
  </reviews>
 </clothing>
 <clothing>
  <id>
   991305063
  </id>
  <name>
   Fila Shoes Q-6977
  </name>
  <category>
   Shoes
  </category>
  <size>
   M
  </size>
  <color>
   Оранжевый
  </color>
  <material>
   Кожа
  </material>
  <price>
   983971
  </price>
  <rating>
   4.4
  </rating>
  <reviews>
   166383
  </reviews>
  <exclusive>
   yes
  </exclusive>
  <sporty>
   no
  </sporty>
 </clothing>
 <clothing>
  <id>
   356494683
  </id>
  <name>
   DC T-shirt F-2496
  </name>
  <category>
   T-shirt
  </category>
  <size>
   S
  </size>
  <color>
   Фиолетовый
  </color>
  <material>
   Шерсть
  </material>
  <price>
   274013
  </price>
  <rating>
   1.66
  </rating>
  <reviews>
   584866
  </reviews>
 </clothing>
 <clothing>
  <id>
   345429620
  </id>
  <name>
   Lacoste Sweater C-7726
  </name>
  <category>
   Sweater
  </category>
  <size>
   M
  </size>
  <color>
   Синий
  </color>
  <material>
   Кожа
  </material>
  <price>
   512837
  </price>
  <rating>
   1.69
  </rating>
  <reviews>
   619603
  </reviews>
  <new>
   -
  </new>
  <exclusive>
   yes
  </exclusive>
  <sporty>
   yes
  </sporty>
 </clothing>
 <clothing>
  <id>
   446714708
  </id>
  <name>
   Asics Umbrellas M-2624
  </name>
  <category>
   Umbrellas
  </category>
  <size>
   L
  </size>
  <color>
   Желтый
  </color>
  <material>
   Шерсть
  </material>
  <price>
   661550
  </price>
  <rating>
   1.09
  </rating>
  <reviews>
   379206
  </reviews>
  <new>
   -
  </new>
  <sporty>
   no
  </sporty>
 </clothing>
 <clothing>
  <id>
   383616695
  </id>
  <name>
   Puma Shoes O-9331
  </name>
  <category>
   Shoes
  </category>
  <size>
   XL
  </size>
  <color>
   Оранжевый
  </color>
  <material>
   Нейлон
  </material>
  <price>
   191186
  </price>
  <rating>
   1.13
  </rating>
  <reviews>
   241402
  </reviews>
  <exclusive>
   no
  </exclusive>
  <sporty>
   yes
  </sporty>
 </clothing>
 <clothing>
  <id>
   509265408
  </id>
  <name>
   Addidas Hat R-8188
  </name>
  <category>
   Hat
  </category>
  <size>
   XL
  </size>
  <color>
   Желтый
  </color>
  <material>
   Шерсть
  </material>
  <price>
   514826
  </price>
  <rating>
   1.67
  </rating>
  <reviews>
   531030
  </reviews>
  <new>
   +
  </new>
 </clothing>
 <clothing>
  <id>
   519057020
  </id>
  <name>
   Fila Socks W-6227
  </name>
  <category>
   Socks
  </category>
  <size>
   L
  </size>
  <color>
   Синий
  </color>
  <material>
   Полиэстер
  </material>
  <price>
   210183
  </price>
  <rating>
   3.83
  </rating>
  <reviews>
   822781
  </reviews>
  <new>
   -
  </new>
 </clothing>
 <clothing>
  <id>
   187022046
  </id>
  <name>
   Ellesse Shoes Q-6707
  </name>
  <category>
   Shoes
  </category>
  <size>
   L
  </size>
  <color>
   Красный
  </color>
  <material>
   Шерсть
  </material>
  <price>
   207907
  </price>
  <rating>
   2.19
  </rating>
  <reviews>
   341129
  </reviews>
  <exclusive>
   yes
  </exclusive>
  <sporty>
   no
  </sporty>
 </clothing>
 <clothing>
  <id>
   332082343
  </id>
  <name>
   New Balance Umbrellas W-9619
  </name>
  <category>
   Umbrellas
  </category>
  <size>
   XXL
  </size>
  <color>
   Фиолетовый
  </color>
  <material>
   Шелк
  </material>
  <price>
   247232
  </price>
  <rating>
   2.63
  </rating>
  <reviews>
   32184
  </reviews>
  <exclusive>
   no
  </exclusive>
  <sporty>
   yes
  </sporty>
 </clothing>
 <clothing>
  <id>
   939670329
  </id>
  <name>
   Ellesse Sweater B-4542
  </name>
  <category>
   Sweater
  </category>
  <size>
   M
  </size>
  <color>
   Синий
  </color>
  <material>
   Полиэстер
  </material>
  <price>
   433637
  </price>
  <rating>
   1.93
  </rating>
  <reviews>
   734285
  </reviews>
  <new>
   +
  </new>
  <exclusive>
   no
  </exclusive>
  <sporty>
   no
  </sporty>
 </clothing>
 <clothing>
  <id>
   592353792
  </id>
  <name>
   Under Armour Belts L-6464
  </name>
  <category>
   Belts
  </category>
  <size>
   XXL
  </size>
  <color>
   Голубой
  </color>
  <material>
   Кожа
  </material>
  <price>
   834395
  </price>
  <rating>
   4.78
  </rating>
  <reviews>
   777959
  </reviews>
  <new>
   +
  </new>
  <exclusive>
   no
  </exclusive>
  <sporty>
   no
  </sporty>
 </clothing>
 <clothing>
  <id>
   925281439
  </id>
  <name>
   Under Armour Blouse C-6301
  </name>
  <category>
   Blouse
  </category>
  <size>
   XL
  </size>
  <color>
   Фиолетовый
  </color>
  <material>
   Нейлон
  </material>
  <price>
   135727
  </price>
  <rating>
   4.09
  </rating>
  <reviews>
   69998
  </reviews>
  <new>
   -
  </new>
  <exclusive>
   no
  </exclusive>
  <sporty>
   yes
  </sporty>
 </clothing>
 <clothing>
  <id>
   287751018
  </id>
  <name>
   Nike Shirt R-5228
  </name>
  <category>
   Shirt
  </category>
  <size>
   S
  </size>
  <color>
   Зеленый
  </color>
  <material>
   Хлопок
  </material>
  <price>
   115643
  </price>
  <rating>
   3.27
  </rating>
  <reviews>
   875956
  </reviews>
  <new>
   -
  </new>
  <exclusive>
   yes
  </exclusive>
 </clothing>
 <clothing>
  <id>
   121410682
  </id>
  <name>
   Ellesse Sweater K-6745
  </name>
  <category>
   Sweater
  </category>
  <size>
   XL
  </size>
  <color>
   Фиолетовый
  </color>
  <material>
   Лен
  </material>
  <price>
   709326
  </price>
  <rating>
   1.39
  </rating>
  <reviews>
   571909
  </reviews>
  <new>
   -
  </new>
  <sporty>
   no
  </sporty>
 </clothing>
 <clothing>
  <id>
   233069823
  </id>
  <name>
   PleinSport Shirt L-7255
  </name>
  <category>
   Shirt
  </category>
  <size>
   XXL
  </size>
  <color>
   Оранжевый
  </color>
  <material>
   Лен
  </material>
  <price>
   644375
  </price>
  <rating>
   3.74
  </rating>
  <reviews>
   736226
  </reviews>
  <exclusive>
   yes
  </exclusive>
  <sporty>
   no
  </sporty>
 </clothing>
 <clothing>
  <id>
   692729734
  </id>
  <name>
   Addidas Handbags Z-8939
  </name>
  <category>
   Handbags
  </category>
  <size>
   XXL
  </size>
  <color>
   Красный
  </color>
  <material>
   Шерсть
  </material>
  <price>
   702607
  </price>
  <rating>
   2.2
  </rating>
  <reviews>
   340822
  </reviews>
  <new>
   -
  </new>
 </clothing>
 <clothing>
  <id>
   906182500
  </id>
  <name>
   New Balance Handbags Z-3526
  </name>
  <category>
   Handbags
  </category>
  <size>
   XL
  </size>
  <color>
   Синий
  </color>
  <material>
   Вискоза
  </material>
  <price>
   299494
  </price>
  <rating>
   4.26
  </rating>
  <reviews>
   935964
  </reviews>
  <new>
   +
  </new>
  <sporty>
   yes
  </sporty>
 </clothing>
 <clothing>
  <id>
   101348907
  </id>
  <name>
   Under Armour Jacket E-8764
  </name>
  <category>
   Jacket
  </category>
  <size>
   S
  </size>
  <color>
   Желтый
  </color>
  <material>
   Хлопок
  </material>
  <price>
   603958
  </price>
  <rating>
   2.0
  </rating>
  <reviews>
   346224
  </reviews>
  <exclusive>
   no
  </exclusive>
  <sporty>
   no
  </sporty>
 </clothing>
 <clothing>
  <id>
   940018265
  </id>
  <name>
   New Balance Dress X-7412
  </name>
  <category>
   Dress
  </category>
  <size>
   XL
  </size>
  <color>
   Голубой
  </color>
  <material>
   Шелк
  </material>
  <price>
   451175
  </price>
  <rating>
   1.53
  </rating>
  <reviews>
   345290
  </reviews>
 </clothing>
 <clothing>
  <id>
   735474641
  </id>
  <name>
   Ellesse Sweater X-8525
  </name>
  <category>
   Sweater
  </category>
  <size>
   M
  </size>
  <color>
   Желтый
  </color>
  <material>
   Лен
  </material>
  <price>
   671216
  </price>
  <rating>
   4.75
  </rating>
  <reviews>
   718226
  </reviews>
  <new>
   -
  </new>
 </clothing>
 <clothing>
  <id>
   940706885
  </id>
  <name>
   Puma Shirt X-4753
  </name>
  <category>
   Shirt
  </category>
  <size>
   M
  </size>
  <color>
   Синий
  </color>
  <material>
   Лен
  </material>
  <price>
   690582
  </price>
  <rating>
   3.58
  </rating>
  <reviews>
   719622
  </reviews>
  <new>
   -
  </new>
  <exclusive>
   no
  </exclusive>
  <sporty>
   yes
  </sporty>
 </clothing>
 <clothing>
  <id>
   903080647
  </id>
  <name>
   Puma Shirt P-7190
  </name>
  <category>
   Shirt
  </category>
  <size>
   S
  </size>
  <color>
   Фиолетовый
  </color>
  <material>
   Шелк
  </material>
  <price>
   723730
  </price>
  <rating>
   2.1
  </rating>
  <reviews>
   904907
  </reviews>
  <new>
   +
  </new>
  <exclusive>
   no
  </exclusive>
 </clothing>
 <clothing>
  <id>
   648440188
  </id>
  <name>
   New Balance Blouse G-5628
  </name>
  <category>
   Blouse
  </category>
  <size>
   L
  </size>
  <color>
   Оранжевый
  </color>
  <material>
   Хлопок
  </material>
  <price>
   354554
  </price>
  <rating>
   4.96
  </rating>
  <reviews>
   226056
  </reviews>
  <new>
   +
  </new>
  <sporty>
   yes
  </sporty>
 </clothing>
</clothing-items>
