<?xml version="1.0" encoding="utf-8"?>
<clothing-items>
 <clothing>
  <id>
   441898714
  </id>
  <name>
   Asics Gloves I-2840
  </name>
  <category>
   Gloves
  </category>
  <size>
   L
  </size>
  <color>
   Желтый
  </color>
  <material>
   Кожа
  </material>
  <price>
   916034
  </price>
  <rating>
   4.9
  </rating>
  <reviews>
   889109
  </reviews>
  <new>
   -
  </new>
  <exclusive>
   yes
  </exclusive>
 </clothing>
 <clothing>
  <id>
   849612618
  </id>
  <name>
   Converse Dress P-4958
  </name>
  <category>
   Dress
  </category>
  <size>
   M
  </size>
  <color>
   Синий
  </color>
  <material>
   Полиэстер
  </material>
  <price>
   995247
  </price>
  <rating>
   4.65
  </rating>
  <reviews>
   507277
  </reviews>
  <exclusive>
   no
  </exclusive>
 </clothing>
 <clothing>
  <id>
   243713223
  </id>
  <name>
   Addidas T-shirt A-5544
  </name>
  <category>
   T-shirt
  </category>
  <size>
   XL
  </size>
  <color>
   Фиолетовый
  </color>
  <material>
   Вискоза
  </material>
  <price>
   248466
  </price>
  <rating>
   1.76
  </rating>
  <reviews>
   801947
  </reviews>
  <exclusive>
   no
  </exclusive>
 </clothing>
 <clothing>
  <id>
   435607744
  </id>
  <name>
   Nike T-shirt M-4789
  </name>
  <category>
   T-shirt
  </category>
  <size>
   S
  </size>
  <color>
   Фиолетовый
  </color>
  <material>
   Лен
  </material>
  <price>
   177996
  </price>
  <rating>
   2.39
  </rating>
  <reviews>
   557038
  </reviews>
  <new>
   -
  </new>
  <exclusive>
   no
  </exclusive>
  <sporty>
   no
  </sporty>
 </clothing>
 <clothing>
  <id>
   358688545
  </id>
  <name>
   Adidas Blouse K-9861
  </name>
  <category>
   Blouse
  </category>
  <size>
   XL
  </size>
  <color>
   Желтый
  </color>
  <material>
   Шелк
  </material>
  <price>
   302485
  </price>
  <rating>
   4.13
  </rating>
  <reviews>
   661632
  </reviews>
  <new>
   -
  </new>
  <exclusive>
   no
  </exclusive>
  <sporty>
   yes
  </sporty>
 </clothing>
 <clothing>
  <id>
   626878206
  </id>
  <name>
   New Balance Skirt C-2405
  </name>
  <category>
   Skirt
  </category>
  <size>
   XL
  </size>
  <color>
   Желтый
  </color>
  <material>
   Шерсть
  </material>
  <price>
   335167
  </price>
  <rating>
   2.87
  </rating>
  <reviews>
   47528
  </reviews>
  <exclusive>
   no
  </exclusive>
 </clothing>
 <clothing>
  <id>
   562088320
  </id>
  <name>
   PleinSport Handbags F-4365
  </name>
  <category>
   Handbags
  </category>
  <size>
   M
  </size>
  <color>
   Красный
  </color>
  <material>
   Шерсть
  </material>
  <price>
   169541
  </price>
  <rating>
   2.4
  </rating>
  <reviews>
   937923
  </reviews>
  <new>
   -
  </new>
  <exclusive>
   no
  </exclusive>
  <sporty>
   no
  </sporty>
 </clothing>
 <clothing>
  <id>
   842109438
  </id>
  <name>
   Converse Gloves A-1322
  </name>
  <category>
   Gloves
  </category>
  <size>
   XL
  </size>
  <color>
   Оранжевый
  </color>
  <material>
   Нейлон
  </material>
  <price>
   465302
  </price>
  <rating>
   4.31
  </rating>
  <reviews>
   468538
  </reviews>
  <new>
   +
  </new>
  <sporty>
   yes
  </sporty>
 </clothing>
 <clothing>
  <id>
   640664600
  </id>
  <name>
   Lacoste Hat U-2772
  </name>
  <category>
   Hat
  </category>
  <size>
   S
  </size>
  <color>
   Зеленый
  </color>
  <material>
   Вискоза
  </material>
  <price>
   510824
  </price>
  <rating>
   1.19
  </rating>
  <reviews>
   333296
  </reviews>
  <new>
   +
  </new>
  <sporty>
   no
  </sporty>
 </clothing>
 <clothing>
  <id>
   669003376
  </id>
  <name>
   Nike Shirt M-3192
  </name>
  <category>
   Shirt
  </category>
  <size>
   L
  </size>
  <color>
   Фиолетовый
  </color>
  <material>
   Шелк
  </material>
  <price>
   961948
  </price>
  <rating>
   2.07
  </rating>
  <reviews>
   137764
  </reviews>
  <new>
   +
  </new>
  <sporty>
   yes
  </sporty>
 </clothing>
 <clothing>
  <id>
   661788881
  </id>
  <name>
   Adidas Socks G-1717
  </name>
  <category>
   Socks
  </category>
  <size>
   S
  </size>
  <color>
   Фиолетовый
  </color>
  <material>
   Вискоза
  </material>
  <price>
   775949
  </price>
  <rating>
   3.2
  </rating>
  <reviews>
   288213
  </reviews>
  <new>
   +
  </new>
  <sporty>
   yes
  </sporty>
 </clothing>
 <clothing>
  <id>
   432608747
  </id>
  <name>
   Puma Skirt Y-7681
  </name>
  <category>
   Skirt
  </category>
  <size>
   XXL
  </size>
  <color>
   Синий
  </color>
  <material>
   Нейлон
  </material>
  <price>
   379781
  </price>
  <rating>
   2.93
  </rating>
  <reviews>
   289585
  </reviews>
  <exclusive>
   yes
  </exclusive>
  <sporty>
   no
  </sporty>
 </clothing>
 <clothing>
  <id>
   689044925
  </id>
  <name>
   Lacoste Skirt X-1289
  </name>
  <category>
   Skirt
  </category>
  <size>
   XXL
  </size>
  <color>
   Фиолетовый
  </color>
  <material>
   Вискоза
  </material>
  <price>
   516197
  </price>
  <rating>
   4.35
  </rating>
  <reviews>
   833869
  </reviews>
  <new>
   -
  </new>
 </clothing>
 <clothing>
  <id>
   456581192
  </id>
  <name>
   New Balance T-shirt F-2761
  </name>
  <category>
   T-shirt
  </category>
  <size>
   M
  </size>
  <color>
   Оранжевый
  </color>
  <material>
   Шерсть
  </material>
  <price>
   134230
  </price>
  <rating>
   3.61
  </rating>
  <reviews>
   285125
  </reviews>
  <new>
   -
  </new>
  <exclusive>
   no
  </exclusive>
  <sporty>
   yes
  </sporty>
 </clothing>
 <clothing>
  <id>
   231154288
  </id>
  <name>
   Brooks Socks O-3837
  </name>
  <category>
   Socks
  </category>
  <size>
   XL
  </size>
  <color>
   Голубой
  </color>
  <material>
   Вискоза
  </material>
  <price>
   156179
  </price>
  <rating>
   4.83
  </rating>
  <reviews>
   195124
  </reviews>
  <new>
   -
  </new>
  <exclusive>
   no
  </exclusive>
  <sporty>
   yes
  </sporty>
 </clothing>
 <clothing>
  <id>
   163138541
  </id>
  <name>
   Puma Jacket K-7163
  </name>
  <category>
   Jacket
  </category>
  <size>
   XXL
  </size>
  <color>
   Фиолетовый
  </color>
  <material>
   Лен
  </material>
  <price>
   717288
  </price>
  <rating>
   4.53
  </rating>
  <reviews>
   820008
  </reviews>
  <new>
   +
  </new>
  <exclusive>
   yes
  </exclusive>
  <sporty>
   no
  </sporty>
 </clothing>
 <clothing>
  <id>
   643641575
  </id>
  <name>
   New Balance T-shirt J-9480
  </name>
  <category>
   T-shirt
  </category>
  <size>
   S
  </size>
  <color>
   Голубой
  </color>
  <material>
   Хлопок
  </material>
  <price>
   258788
  </price>
  <rating>
   4.53
  </rating>
  <reviews>
   13496
  </reviews>
  <new>
   +
  </new>
  <sporty>
   no
  </sporty>
 </clothing>
 <clothing>
  <id>
   301329674
  </id>
  <name>
   Reebok Shirt K-1045
  </name>
  <category>
   Shirt
  </category>
  <size>
   L
  </size>
  <color>
   Голубой
  </color>
  <material>
   Хлопок
  </material>
  <price>
   224655
  </price>
  <rating>
   1.35
  </rating>
  <reviews>
   263626
  </reviews>
  <exclusive>
   no
  </exclusive>
 </clothing>
 <clothing>
  <id>
   733588949
  </id>
  <name>
   Ellesse Shoes E-8063
  </name>
  <category>
   Shoes
  </category>
  <size>
   M
  </size>
  <color>
   Желтый
  </color>
  <material>
   Хлопок
  </material>
  <price>
   511181
  </price>
  <rating>
   2.91
  </rating>
  <reviews>
   368659
  </reviews>
  <new>
   -
  </new>
  <exclusive>
   no
  </exclusive>
  <sporty>
   yes
  </sporty>
 </clothing>
 <clothing>
  <id>
   257559833
  </id>
  <name>
   Vans Gloves F-6865
  </name>
  <category>
   Gloves
  </category>
  <size>
   S
  </size>
  <color>
   Синий
  </color>
  <material>
   Вискоза
  </material>
  <price>
   606285
  </price>
  <rating>
   2.57
  </rating>
  <reviews>
   606203
  </reviews>
  <new>
   -
  </new>
 </clothing>
 <clothing>
  <id>
   950888245
  </id>
  <name>
   Brooks Jeans B-4620
  </name>
  <category>
   Jeans
  </category>
  <size>
   L
  </size>
  <color>
   Голубой
  </color>
  <material>
   Вискоза
  </material>
  <price>
   360718
  </price>
  <rating>
   4.02
  </rating>
  <reviews>
   702670
  </reviews>
  <exclusive>
   no
  </exclusive>
  <sporty>
   no
  </sporty>
 </clothing>
 <clothing>
  <id>
   856216966
  </id>
  <name>
   Asics Handbags V-6242
  </name>
  <category>
   Handbags
  </category>
  <size>
   XL
  </size>
  <color>
   Красный
  </color>
  <material>
   Кожа
  </material>
  <price>
   226243
  </price>
  <rating>
   2.91
  </rating>
  <reviews>
   553268
  </reviews>
  <new>
   -
  </new>
  <sporty>
   yes
  </sporty>
 </clothing>
 <clothing>
  <id>
   640967892
  </id>
  <name>
   Addidas Belts W-3133
  </name>
  <category>
   Belts
  </category>
  <size>
   XL
  </size>
  <color>
   Синий
  </color>
  <material>
   Лен
  </material>
  <price>
   870683
  </price>
  <rating>
   2.11
  </rating>
  <reviews>
   654458
  </reviews>
  <exclusive>
   yes
  </exclusive>
  <sporty>
   yes
  </sporty>
 </clothing>
</clothing-items>
