<?xml version="1.0" encoding="utf-8"?>
<clothing-items>
 <clothing>
  <id>
   458271273
  </id>
  <name>
   Under Armour Skirt T-3241
  </name>
  <category>
   Skirt
  </category>
  <size>
   XXL
  </size>
  <color>
   Желтый
  </color>
  <material>
   Шелк
  </material>
  <price>
   518069
  </price>
  <rating>
   4.83
  </rating>
  <reviews>
   685346
  </reviews>
  <new>
   +
  </new>
 </clothing>
 <clothing>
  <id>
   506809828
  </id>
  <name>
   New Balance Belts T-2112
  </name>
  <category>
   Belts
  </category>
  <size>
   XL
  </size>
  <color>
   Красный
  </color>
  <material>
   Вискоза
  </material>
  <price>
   840480
  </price>
  <rating>
   2.01
  </rating>
  <reviews>
   177333
  </reviews>
  <sporty>
   no
  </sporty>
 </clothing>
 <clothing>
  <id>
   432728780
  </id>
  <name>
   DC Jeans M-8118
  </name>
  <category>
   Jeans
  </category>
  <size>
   L
  </size>
  <color>
   Зеленый
  </color>
  <material>
   Хлопок
  </material>
  <price>
   128491
  </price>
  <rating>
   1.75
  </rating>
  <reviews>
   25889
  </reviews>
  <new>
   -
  </new>
  <sporty>
   yes
  </sporty>
 </clothing>
 <clothing>
  <id>
   838912062
  </id>
  <name>
   Converse Skirt Z-4703
  </name>
  <category>
   Skirt
  </category>
  <size>
   S
  </size>
  <color>
   Фиолетовый
  </color>
  <material>
   Полиэстер
  </material>
  <price>
   377956
  </price>
  <rating>
   1.68
  </rating>
  <reviews>
   559438
  </reviews>
  <exclusive>
   yes
  </exclusive>
 </clothing>
 <clothing>
  <id>
   357803229
  </id>
  <name>
   Reebok Hat O-4972
  </name>
  <category>
   Hat
  </category>
  <size>
   S
  </size>
  <color>
   Оранжевый
  </color>
  <material>
   Вискоза
  </material>
  <price>
   493526
  </price>
  <rating>
   3.53
  </rating>
  <reviews>
   524669
  </reviews>
  <new>
   -
  </new>
  <exclusive>
   no
  </exclusive>
  <sporty>
   no
  </sporty>
 </clothing>
 <clothing>
  <id>
   499272428
  </id>
  <name>
   Lacoste Blouse I-3719
  </name>
  <category>
   Blouse
  </category>
  <size>
   XL
  </size>
  <color>
   Голубой
  </color>
  <material>
   Хлопок
  </material>
  <price>
   969220
  </price>
  <rating>
   2.46
  </rating>
  <reviews>
   349375
  </reviews>
  <exclusive>
   yes
  </exclusive>
  <sporty>
   yes
  </sporty>
 </clothing>
 <clothing>
  <id>
   527548470
  </id>
  <name>
   PleinSport Umbrellas T-6774
  </name>
  <category>
   Umbrellas
  </category>
  <size>
   XL
  </size>
  <color>
   Красный
  </color>
  <material>
   Шерсть
  </material>
  <price>
   577368
  </price>
  <rating>
   2.07
  </rating>
  <reviews>
   509560
  </reviews>
 </clothing>
 <clothing>
  <id>
   891586163
  </id>
  <name>
   Converse Pants E-5590
  </name>
  <category>
   Pants
  </category>
  <size>
   S
  </size>
  <color>
   Голубой
  </color>
  <material>
   Вискоза
  </material>
  <price>
   610581
  </price>
  <rating>
   1.42
  </rating>
  <reviews>
   865139
  </reviews>
  <new>
   -
  </new>
 </clothing>
 <clothing>
  <id>
   577811704
  </id>
  <name>
   Under Armour T-shirt L-5328
  </name>
  <category>
   T-shirt
  </category>
  <size>
   XL
  </size>
  <color>
   Зеленый
  </color>
  <material>
   Нейлон
  </material>
  <price>
   251260
  </price>
  <rating>
   3.16
  </rating>
  <reviews>
   393008
  </reviews>
  <exclusive>
   no
  </exclusive>
  <sporty>
   no
  </sporty>
 </clothing>
 <clothing>
  <id>
   881242568
  </id>
  <name>
   Puma Handbags L-6276
  </name>
  <category>
   Handbags
  </category>
  <size>
   M
  </size>
  <color>
   Синий
  </color>
  <material>
   Вискоза
  </material>
  <price>
   316793
  </price>
  <rating>
   2.56
  </rating>
  <reviews>
   226474
  </reviews>
  <exclusive>
   yes
  </exclusive>
  <sporty>
   no
  </sporty>
 </clothing>
 <clothing>
  <id>
   120310143
  </id>
  <name>
   Converse Gloves D-6520
  </name>
  <category>
   Gloves
  </category>
  <size>
   S
  </size>
  <color>
   Желтый
  </color>
  <material>
   Лен
  </material>
  <price>
   637936
  </price>
  <rating>
   1.87
  </rating>
  <reviews>
   589596
  </reviews>
  <exclusive>
   yes
  </exclusive>
 </clothing>
 <clothing>
  <id>
   288329020
  </id>
  <name>
   Converse Hat E-7837
  </name>
  <category>
   Hat
  </category>
  <size>
   L
  </size>
  <color>
   Оранжевый
  </color>
  <material>
   Шерсть
  </material>
  <price>
   447743
  </price>
  <rating>
   1.74
  </rating>
  <reviews>
   766139
  </reviews>
  <new>
   +
  </new>
 </clothing>
 <clothing>
  <id>
   561473392
  </id>
  <name>
   Vans Pants V-5839
  </name>
  <category>
   Pants
  </category>
  <size>
   M
  </size>
  <color>
   Фиолетовый
  </color>
  <material>
   Нейлон
  </material>
  <price>
   127216
  </price>
  <rating>
   4.01
  </rating>
  <reviews>
   92099
  </reviews>
  <new>
   +
  </new>
 </clothing>
 <clothing>
  <id>
   244831235
  </id>
  <name>
   Fila T-shirt O-3537
  </name>
  <category>
   T-shirt
  </category>
  <size>
   XL
  </size>
  <color>
   Красный
  </color>
  <material>
   Шелк
  </material>
  <price>
   707850
  </price>
  <rating>
   4.21
  </rating>
  <reviews>
   803722
  </reviews>
  <new>
   -
  </new>
  <sporty>
   yes
  </sporty>
 </clothing>
 <clothing>
  <id>
   957552088
  </id>
  <name>
   PleinSport Shoes X-3692
  </name>
  <category>
   Shoes
  </category>
  <size>
   S
  </size>
  <color>
   Зеленый
  </color>
  <material>
   Нейлон
  </material>
  <price>
   741726
  </price>
  <rating>
   3.84
  </rating>
  <reviews>
   88675
  </reviews>
  <exclusive>
   no
  </exclusive>
  <sporty>
   no
  </sporty>
 </clothing>
 <clothing>
  <id>
   339859453
  </id>
  <name>
   Under Armour Blouse R-6414
  </name>
  <category>
   Blouse
  </category>
  <size>
   S
  </size>
  <color>
   Голубой
  </color>
  <material>
   Вискоза
  </material>
  <price>
   939629
  </price>
  <rating>
   2.62
  </rating>
  <reviews>
   779683
  </reviews>
  <new>
   -
  </new>
 </clothing>
 <clothing>
  <id>
   889968782
  </id>
  <name>
   DC T-shirt M-8271
  </name>
  <category>
   T-shirt
  </category>
  <size>
   S
  </size>
  <color>
   Желтый
  </color>
  <material>
   Нейлон
  </material>
  <price>
   918925
  </price>
  <rating>
   1.66
  </rating>
  <reviews>
   120835
  </reviews>
  <exclusive>
   yes
  </exclusive>
  <sporty>
   no
  </sporty>
 </clothing>
 <clothing>
  <id>
   536824604
  </id>
  <name>
   Converse Blouse S-8919
  </name>
  <category>
   Blouse
  </category>
  <size>
   M
  </size>
  <color>
   Зеленый
  </color>
  <material>
   Полиэстер
  </material>
  <price>
   501808
  </price>
  <rating>
   4.5
  </rating>
  <reviews>
   361631
  </reviews>
  <new>
   +
  </new>
  <exclusive>
   no
  </exclusive>
  <sporty>
   no
  </sporty>
 </clothing>
 <clothing>
  <id>
   765533828
  </id>
  <name>
   Under Armour Handbags M-3944
  </name>
  <category>
   Handbags
  </category>
  <size>
   XL
  </size>
  <color>
   Зеленый
  </color>
  <material>
   Кожа
  </material>
  <price>
   165925
  </price>
  <rating>
   1.05
  </rating>
  <reviews>
   10109
  </reviews>
  <new>
   +
  </new>
  <exclusive>
   no
  </exclusive>
 </clothing>
 <clothing>
  <id>
   303365353
  </id>
  <name>
   Fila Sweater G-2636
  </name>
  <category>
   Sweater
  </category>
  <size>
   S
  </size>
  <color>
   Синий
  </color>
  <material>
   Кожа
  </material>
  <price>
   907458
  </price>
  <rating>
   4.61
  </rating>
  <reviews>
   616050
  </reviews>
  <exclusive>
   no
  </exclusive>
  <sporty>
   no
  </sporty>
 </clothing>
 <clothing>
  <id>
   617289624
  </id>
  <name>
   Ellesse Pants Y-5003
  </name>
  <category>
   Pants
  </category>
  <size>
   XL
  </size>
  <color>
   Фиолетовый
  </color>
  <material>
   Вискоза
  </material>
  <price>
   484373
  </price>
  <rating>
   1.61
  </rating>
  <reviews>
   83145
  </reviews>
  <exclusive>
   yes
  </exclusive>
  <sporty>
   no
  </sporty>
 </clothing>
 <clothing>
  <id>
   601972830
  </id>
  <name>
   Brooks Umbrellas D-3645
  </name>
  <category>
   Umbrellas
  </category>
  <size>
   XL
  </size>
  <color>
   Зеленый
  </color>
  <material>
   Нейлон
  </material>
  <price>
   360627
  </price>
  <rating>
   2.63
  </rating>
  <reviews>
   1113
  </reviews>
  <new>
   -
  </new>
  <exclusive>
   no
  </exclusive>
  <sporty>
   yes
  </sporty>
 </clothing>
 <clothing>
  <id>
   154855476
  </id>
  <name>
   New Balance Blouse Y-8403
  </name>
  <category>
   Blouse
  </category>
  <size>
   XXL
  </size>
  <color>
   Оранжевый
  </color>
  <material>
   Шелк
  </material>
  <price>
   889986
  </price>
  <rating>
   2.13
  </rating>
  <reviews>
   176276
  </reviews>
  <new>
   -
  </new>
  <exclusive>
   no
  </exclusive>
 </clothing>
 <clothing>
  <id>
   589300218
  </id>
  <name>
   Brooks Jacket A-8041
  </name>
  <category>
   Jacket
  </category>
  <size>
   L
  </size>
  <color>
   Зеленый
  </color>
  <material>
   Полиэстер
  </material>
  <price>
   180165
  </price>
  <rating>
   2.35
  </rating>
  <reviews>
   826485
  </reviews>
  <exclusive>
   yes
  </exclusive>
  <sporty>
   no
  </sporty>
 </clothing>
 <clothing>
  <id>
   823617847
  </id>
  <name>
   Vans Hat R-2125
  </name>
  <category>
   Hat
  </category>
  <size>
   M
  </size>
  <color>
   Зеленый
  </color>
  <material>
   Нейлон
  </material>
  <price>
   425269
  </price>
  <rating>
   3.74
  </rating>
  <reviews>
   709859
  </reviews>
  <new>
   -
  </new>
  <sporty>
   no
  </sporty>
 </clothing>
 <clothing>
  <id>
   648373283
  </id>
  <name>
   Asics Socks S-7887
  </name>
  <category>
   Socks
  </category>
  <size>
   XXL
  </size>
  <color>
   Красный
  </color>
  <material>
   Лен
  </material>
  <price>
   956479
  </price>
  <rating>
   2.44
  </rating>
  <reviews>
   273907
  </reviews>
  <new>
   +
  </new>
  <exclusive>
   no
  </exclusive>
  <sporty>
   yes
  </sporty>
 </clothing>
 <clothing>
  <id>
   710633864
  </id>
  <name>
   Adidas Umbrellas P-5501
  </name>
  <category>
   Umbrellas
  </category>
  <size>
   S
  </size>
  <color>
   Синий
  </color>
  <material>
   Нейлон
  </material>
  <price>
   242153
  </price>
  <rating>
   1.55
  </rating>
  <reviews>
   557113
  </reviews>
  <new>
   -
  </new>
 </clothing>
 <clothing>
  <id>
   126995930
  </id>
  <name>
   Vans Hat Z-3375
  </name>
  <category>
   Hat
  </category>
  <size>
   S
  </size>
  <color>
   Зеленый
  </color>
  <material>
   Полиэстер
  </material>
  <price>
   308998
  </price>
  <rating>
   3.54
  </rating>
  <reviews>
   52160
  </reviews>
  <new>
   +
  </new>
 </clothing>
 <clothing>
  <id>
   763984601
  </id>
  <name>
   Addidas Hat U-3349
  </name>
  <category>
   Hat
  </category>
  <size>
   XXL
  </size>
  <color>
   Желтый
  </color>
  <material>
   Лен
  </material>
  <price>
   272291
  </price>
  <rating>
   4.1
  </rating>
  <reviews>
   59351
  </reviews>
  <exclusive>
   no
  </exclusive>
 </clothing>
 <clothing>
  <id>
   495762005
  </id>
  <name>
   DC Umbrellas S-3971
  </name>
  <category>
   Umbrellas
  </category>
  <size>
   XXL
  </size>
  <color>
   Желтый
  </color>
  <material>
   Нейлон
  </material>
  <price>
   837725
  </price>
  <rating>
   4.08
  </rating>
  <reviews>
   616000
  </reviews>
  <new>
   -
  </new>
  <exclusive>
   no
  </exclusive>
  <sporty>
   no
  </sporty>
 </clothing>
 <clothing>
  <id>
   809093518
  </id>
  <name>
   DC Socks Q-7758
  </name>
  <category>
   Socks
  </category>
  <size>
   XL
  </size>
  <color>
   Красный
  </color>
  <material>
   Вискоза
  </material>
  <price>
   542754
  </price>
  <rating>
   2.75
  </rating>
  <reviews>
   467532
  </reviews>
  <new>
   +
  </new>
  <exclusive>
   no
  </exclusive>
  <sporty>
   no
  </sporty>
 </clothing>
 <clothing>
  <id>
   703818626
  </id>
  <name>
   Vans Hat L-3628
  </name>
  <category>
   Hat
  </category>
  <size>
   S
  </size>
  <color>
   Зеленый
  </color>
  <material>
   Кожа
  </material>
  <price>
   716225
  </price>
  <rating>
   2.51
  </rating>
  <reviews>
   118954
  </reviews>
  <new>
   -
  </new>
 </clothing>
</clothing-items>
