<?xml version="1.0" encoding="utf-8"?>
<clothing-items>
 <clothing>
  <id>
   951544134
  </id>
  <name>
   DC Belts C-2379
  </name>
  <category>
   Belts
  </category>
  <size>
   L
  </size>
  <color>
   Красный
  </color>
  <material>
   Вискоза
  </material>
  <price>
   723405
  </price>
  <rating>
   4.64
  </rating>
  <reviews>
   467396
  </reviews>
  <exclusive>
   no
  </exclusive>
  <sporty>
   yes
  </sporty>
 </clothing>
 <clothing>
  <id>
   332908104
  </id>
  <name>
   Nike Jeans S-8969
  </name>
  <category>
   Jeans
  </category>
  <size>
   XL
  </size>
  <color>
   Зеленый
  </color>
  <material>
   Лен
  </material>
  <price>
   758791
  </price>
  <rating>
   4.63
  </rating>
  <reviews>
   725539
  </reviews>
  <new>
   -
  </new>
  <sporty>
   no
  </sporty>
 </clothing>
 <clothing>
  <id>
   392327391
  </id>
  <name>
   Converse Gloves X-5434
  </name>
  <category>
   Gloves
  </category>
  <size>
   XL
  </size>
  <color>
   Зеленый
  </color>
  <material>
   Хлопок
  </material>
  <price>
   898793
  </price>
  <rating>
   3.34
  </rating>
  <reviews>
   633579
  </reviews>
  <new>
   -
  </new>
  <exclusive>
   no
  </exclusive>
  <sporty>
   yes
  </sporty>
 </clothing>
 <clothing>
  <id>
   660146240
  </id>
  <name>
   Asics Dress S-6889
  </name>
  <category>
   Dress
  </category>
  <size>
   S
  </size>
  <color>
   Синий
  </color>
  <material>
   Хлопок
  </material>
  <price>
   812562
  </price>
  <rating>
   2.23
  </rating>
  <reviews>
   795461
  </reviews>
  <new>
   -
  </new>
 </clothing>
 <clothing>
  <id>
   300801487
  </id>
  <name>
   Vans Handbags N-8091
  </name>
  <category>
   Handbags
  </category>
  <size>
   XL
  </size>
  <color>
   Голубой
  </color>
  <material>
   Нейлон
  </material>
  <price>
   414091
  </price>
  <rating>
   4.19
  </rating>
  <reviews>
   470469
  </reviews>
  <new>
   -
  </new>
 </clothing>
 <clothing>
  <id>
   969061108
  </id>
  <name>
   Asics Blouse G-9087
  </name>
  <category>
   Blouse
  </category>
  <size>
   XXL
  </size>
  <color>
   Красный
  </color>
  <material>
   Полиэстер
  </material>
  <price>
   931131
  </price>
  <rating>
   1.36
  </rating>
  <reviews>
   770274
  </reviews>
  <new>
   -
  </new>
  <exclusive>
   no
  </exclusive>
  <sporty>
   no
  </sporty>
 </clothing>
 <clothing>
  <id>
   993741088
  </id>
  <name>
   Fila Handbags K-9789
  </name>
  <category>
   Handbags
  </category>
  <size>
   S
  </size>
  <color>
   Фиолетовый
  </color>
  <material>
   Шерсть
  </material>
  <price>
   158707
  </price>
  <rating>
   4.13
  </rating>
  <reviews>
   95422
  </reviews>
  <sporty>
   no
  </sporty>
 </clothing>
 <clothing>
  <id>
   889758842
  </id>
  <name>
   Converse Socks I-5959
  </name>
  <category>
   Socks
  </category>
  <size>
   XXL
  </size>
  <color>
   Зеленый
  </color>
  <material>
   Полиэстер
  </material>
  <price>
   384988
  </price>
  <rating>
   4.2
  </rating>
  <reviews>
   190475
  </reviews>
  <new>
   -
  </new>
  <sporty>
   yes
  </sporty>
 </clothing>
 <clothing>
  <id>
   244973783
  </id>
  <name>
   Vans Umbrellas Z-2722
  </name>
  <category>
   Umbrellas
  </category>
  <size>
   S
  </size>
  <color>
   Красный
  </color>
  <material>
   Вискоза
  </material>
  <price>
   896762
  </price>
  <rating>
   3.51
  </rating>
  <reviews>
   855675
  </reviews>
  <exclusive>
   yes
  </exclusive>
  <sporty>
   yes
  </sporty>
 </clothing>
 <clothing>
  <id>
   230142228
  </id>
  <name>
   Brooks Sweater I-8182
  </name>
  <category>
   Sweater
  </category>
  <size>
   M
  </size>
  <color>
   Оранжевый
  </color>
  <material>
   Кожа
  </material>
  <price>
   791089
  </price>
  <rating>
   1.17
  </rating>
  <reviews>
   651861
  </reviews>
  <exclusive>
   yes
  </exclusive>
  <sporty>
   no
  </sporty>
 </clothing>
 <clothing>
  <id>
   571670732
  </id>
  <name>
   Nike Handbags M-4600
  </name>
  <category>
   Handbags
  </category>
  <size>
   M
  </size>
  <color>
   Зеленый
  </color>
  <material>
   Шелк
  </material>
  <price>
   787318
  </price>
  <rating>
   1.56
  </rating>
  <reviews>
   262367
  </reviews>
  <new>
   -
  </new>
  <exclusive>
   no
  </exclusive>
  <sporty>
   no
  </sporty>
 </clothing>
 <clothing>
  <id>
   859342800
  </id>
  <name>
   New Balance Handbags B-7620
  </name>
  <category>
   Handbags
  </category>
  <size>
   S
  </size>
  <color>
   Желтый
  </color>
  <material>
   Шерсть
  </material>
  <price>
   464398
  </price>
  <rating>
   2.71
  </rating>
  <reviews>
   648515
  </reviews>
  <exclusive>
   no
  </exclusive>
 </clothing>
 <clothing>
  <id>
   158957675
  </id>
  <name>
   DC Shoes Q-8084
  </name>
  <category>
   Shoes
  </category>
  <size>
   XL
  </size>
  <color>
   Зеленый
  </color>
  <material>
   Нейлон
  </material>
  <price>
   381156
  </price>
  <rating>
   1.42
  </rating>
  <reviews>
   438534
  </reviews>
  <sporty>
   yes
  </sporty>
 </clothing>
 <clothing>
  <id>
   565593013
  </id>
  <name>
   Vans Umbrellas A-6029
  </name>
  <category>
   Umbrellas
  </category>
  <size>
   XXL
  </size>
  <color>
   Фиолетовый
  </color>
  <material>
   Полиэстер
  </material>
  <price>
   342431
  </price>
  <rating>
   2.42
  </rating>
  <reviews>
   159793
  </reviews>
  <exclusive>
   no
  </exclusive>
  <sporty>
   no
  </sporty>
 </clothing>
 <clothing>
  <id>
   881467583
  </id>
  <name>
   Reebok T-shirt U-1385
  </name>
  <category>
   T-shirt
  </category>
  <size>
   XL
  </size>
  <color>
   Зеленый
  </color>
  <material>
   Вискоза
  </material>
  <price>
   339010
  </price>
  <rating>
   2.48
  </rating>
  <reviews>
   35135
  </reviews>
  <new>
   -
  </new>
  <exclusive>
   yes
  </exclusive>
  <sporty>
   no
  </sporty>
 </clothing>
 <clothing>
  <id>
   937918415
  </id>
  <name>
   Nike Belts L-1998
  </name>
  <category>
   Belts
  </category>
  <size>
   M
  </size>
  <color>
   Фиолетовый
  </color>
  <material>
   Вискоза
  </material>
  <price>
   939708
  </price>
  <rating>
   1.61
  </rating>
  <reviews>
   313942
  </reviews>
  <sporty>
   no
  </sporty>
 </clothing>
 <clothing>
  <id>
   705482837
  </id>
  <name>
   Ellesse Hat P-8456
  </name>
  <category>
   Hat
  </category>
  <size>
   M
  </size>
  <color>
   Голубой
  </color>
  <material>
   Нейлон
  </material>
  <price>
   781604
  </price>
  <rating>
   3.58
  </rating>
  <reviews>
   75187
  </reviews>
  <new>
   -
  </new>
  <exclusive>
   no
  </exclusive>
  <sporty>
   yes
  </sporty>
 </clothing>
 <clothing>
  <id>
   310064447
  </id>
  <name>
   PleinSport Hat F-1365
  </name>
  <category>
   Hat
  </category>
  <size>
   S
  </size>
  <color>
   Оранжевый
  </color>
  <material>
   Нейлон
  </material>
  <price>
   297408
  </price>
  <rating>
   4.08
  </rating>
  <reviews>
   640903
  </reviews>
  <exclusive>
   yes
  </exclusive>
 </clothing>
 <clothing>
  <id>
   207294432
  </id>
  <name>
   Addidas Sweater U-4977
  </name>
  <category>
   Sweater
  </category>
  <size>
   M
  </size>
  <color>
   Оранжевый
  </color>
  <material>
   Полиэстер
  </material>
  <price>
   677947
  </price>
  <rating>
   2.08
  </rating>
  <reviews>
   234372
  </reviews>
  <new>
   -
  </new>
  <exclusive>
   no
  </exclusive>
  <sporty>
   yes
  </sporty>
 </clothing>
 <clothing>
  <id>
   962898978
  </id>
  <name>
   Nike Blouse M-2598
  </name>
  <category>
   Blouse
  </category>
  <size>
   S
  </size>
  <color>
   Синий
  </color>
  <material>
   Шерсть
  </material>
  <price>
   343062
  </price>
  <rating>
   3.96
  </rating>
  <reviews>
   659714
  </reviews>
  <exclusive>
   no
  </exclusive>
 </clothing>
 <clothing>
  <id>
   897785535
  </id>
  <name>
   Reebok Shoes O-4459
  </name>
  <category>
   Shoes
  </category>
  <size>
   M
  </size>
  <color>
   Фиолетовый
  </color>
  <material>
   Хлопок
  </material>
  <price>
   175149
  </price>
  <rating>
   2.71
  </rating>
  <reviews>
   248152
  </reviews>
  <sporty>
   no
  </sporty>
 </clothing>
 <clothing>
  <id>
   517284808
  </id>
  <name>
   Converse Dress J-8276
  </name>
  <category>
   Dress
  </category>
  <size>
   M
  </size>
  <color>
   Красный
  </color>
  <material>
   Хлопок
  </material>
  <price>
   421620
  </price>
  <rating>
   1.4
  </rating>
  <reviews>
   127588
  </reviews>
  <new>
   +
  </new>
  <exclusive>
   no
  </exclusive>
  <sporty>
   yes
  </sporty>
 </clothing>
 <clothing>
  <id>
   673068553
  </id>
  <name>
   Adidas Shirt Q-2683
  </name>
  <category>
   Shirt
  </category>
  <size>
   XL
  </size>
  <color>
   Желтый
  </color>
  <material>
   Нейлон
  </material>
  <price>
   606320
  </price>
  <rating>
   3.23
  </rating>
  <reviews>
   162243
  </reviews>
  <exclusive>
   no
  </exclusive>
  <sporty>
   yes
  </sporty>
 </clothing>
 <clothing>
  <id>
   962800148
  </id>
  <name>
   Puma Blouse I-7490
  </name>
  <category>
   Blouse
  </category>
  <size>
   L
  </size>
  <color>
   Оранжевый
  </color>
  <material>
   Шелк
  </material>
  <price>
   662012
  </price>
  <rating>
   1.82
  </rating>
  <reviews>
   117016
  </reviews>
  <new>
   -
  </new>
  <exclusive>
   no
  </exclusive>
  <sporty>
   yes
  </sporty>
 </clothing>
 <clothing>
  <id>
   672503839
  </id>
  <name>
   Puma Jeans P-8107
  </name>
  <category>
   Jeans
  </category>
  <size>
   M
  </size>
  <color>
   Фиолетовый
  </color>
  <material>
   Шелк
  </material>
  <price>
   157287
  </price>
  <rating>
   1.24
  </rating>
  <reviews>
   626649
  </reviews>
  <new>
   -
  </new>
  <exclusive>
   yes
  </exclusive>
  <sporty>
   no
  </sporty>
 </clothing>
</clothing-items>
