<?xml version="1.0" encoding="utf-8"?>
<clothing-items>
 <clothing>
  <id>
   195846404
  </id>
  <name>
   Adidas Shoes P-9758
  </name>
  <category>
   Shoes
  </category>
  <size>
   M
  </size>
  <color>
   Фиолетовый
  </color>
  <material>
   Шелк
  </material>
  <price>
   767500
  </price>
  <rating>
   3.4
  </rating>
  <reviews>
   277860
  </reviews>
  <exclusive>
   no
  </exclusive>
  <sporty>
   no
  </sporty>
 </clothing>
 <clothing>
  <id>
   358264969
  </id>
  <name>
   Nike T-shirt T-5052
  </name>
  <category>
   T-shirt
  </category>
  <size>
   XXL
  </size>
  <color>
   Голубой
  </color>
  <material>
   Полиэстер
  </material>
  <price>
   966077
  </price>
  <rating>
   4.99
  </rating>
  <reviews>
   562957
  </reviews>
 </clothing>
 <clothing>
  <id>
   834582549
  </id>
  <name>
   Puma Jeans Q-5913
  </name>
  <category>
   Jeans
  </category>
  <size>
   XXL
  </size>
  <color>
   Желтый
  </color>
  <material>
   Вискоза
  </material>
  <price>
   827975
  </price>
  <rating>
   3.73
  </rating>
  <reviews>
   416612
  </reviews>
  <new>
   +
  </new>
  <exclusive>
   no
  </exclusive>
  <sporty>
   yes
  </sporty>
 </clothing>
 <clothing>
  <id>
   841432918
  </id>
  <name>
   DC Blouse Y-2795
  </name>
  <category>
   Blouse
  </category>
  <size>
   M
  </size>
  <color>
   Синий
  </color>
  <material>
   Вискоза
  </material>
  <price>
   600660
  </price>
  <rating>
   1.77
  </rating>
  <reviews>
   412319
  </reviews>
  <new>
   -
  </new>
  <exclusive>
   no
  </exclusive>
  <sporty>
   yes
  </sporty>
 </clothing>
 <clothing>
  <id>
   963887385
  </id>
  <name>
   Ellesse Belts X-4913
  </name>
  <category>
   Belts
  </category>
  <size>
   XL
  </size>
  <color>
   Синий
  </color>
  <material>
   Лен
  </material>
  <price>
   145407
  </price>
  <rating>
   4.59
  </rating>
  <reviews>
   790678
  </reviews>
 </clothing>
 <clothing>
  <id>
   342032131
  </id>
  <name>
   Fila Skirt Y-4061
  </name>
  <category>
   Skirt
  </category>
  <size>
   L
  </size>
  <color>
   Фиолетовый
  </color>
  <material>
   Кожа
  </material>
  <price>
   118375
  </price>
  <rating>
   1.61
  </rating>
  <reviews>
   621675
  </reviews>
 </clothing>
 <clothing>
  <id>
   272509519
  </id>
  <name>
   Vans T-shirt O-6684
  </name>
  <category>
   T-shirt
  </category>
  <size>
   S
  </size>
  <color>
   Синий
  </color>
  <material>
   Шелк
  </material>
  <price>
   893308
  </price>
  <rating>
   1.35
  </rating>
  <reviews>
   536671
  </reviews>
 </clothing>
 <clothing>
  <id>
   893725451
  </id>
  <name>
   Ellesse Handbags L-3254
  </name>
  <category>
   Handbags
  </category>
  <size>
   L
  </size>
  <color>
   Голубой
  </color>
  <material>
   Нейлон
  </material>
  <price>
   347371
  </price>
  <rating>
   1.79
  </rating>
  <reviews>
   473680
  </reviews>
  <sporty>
   yes
  </sporty>
 </clothing>
 <clothing>
  <id>
   943548411
  </id>
  <name>
   DC Skirt R-4898
  </name>
  <category>
   Skirt
  </category>
  <size>
   L
  </size>
  <color>
   Синий
  </color>
  <material>
   Лен
  </material>
  <price>
   489096
  </price>
  <rating>
   4.08
  </rating>
  <reviews>
   653724
  </reviews>
 </clothing>
 <clothing>
  <id>
   689508485
  </id>
  <name>
   DC Jacket C-3364
  </name>
  <category>
   Jacket
  </category>
  <size>
   XL
  </size>
  <color>
   Синий
  </color>
  <material>
   Хлопок
  </material>
  <price>
   193912
  </price>
  <rating>
   2.5
  </rating>
  <reviews>
   171519
  </reviews>
  <exclusive>
   no
  </exclusive>
 </clothing>
 <clothing>
  <id>
   719937636
  </id>
  <name>
   DC Socks U-8685
  </name>
  <category>
   Socks
  </category>
  <size>
   XL
  </size>
  <color>
   Желтый
  </color>
  <material>
   Шерсть
  </material>
  <price>
   127265
  </price>
  <rating>
   1.56
  </rating>
  <reviews>
   285491
  </reviews>
  <new>
   -
  </new>
 </clothing>
 <clothing>
  <id>
   992197187
  </id>
  <name>
   Under Armour Socks S-6123
  </name>
  <category>
   Socks
  </category>
  <size>
   XXL
  </size>
  <color>
   Голубой
  </color>
  <material>
   Шелк
  </material>
  <price>
   475325
  </price>
  <rating>
   1.92
  </rating>
  <reviews>
   820765
  </reviews>
  <new>
   +
  </new>
  <exclusive>
   no
  </exclusive>
  <sporty>
   no
  </sporty>
 </clothing>
 <clothing>
  <id>
   624363654
  </id>
  <name>
   Reebok Handbags G-9660
  </name>
  <category>
   Handbags
  </category>
  <size>
   XXL
  </size>
  <color>
   Оранжевый
  </color>
  <material>
   Шерсть
  </material>
  <price>
   424331
  </price>
  <rating>
   2.28
  </rating>
  <reviews>
   854230
  </reviews>
  <new>
   -
  </new>
 </clothing>
 <clothing>
  <id>
   597138148
  </id>
  <name>
   Reebok Hat V-3875
  </name>
  <category>
   Hat
  </category>
  <size>
   S
  </size>
  <color>
   Желтый
  </color>
  <material>
   Лен
  </material>
  <price>
   970478
  </price>
  <rating>
   1.51
  </rating>
  <reviews>
   214531
  </reviews>
  <new>
   -
  </new>
  <sporty>
   yes
  </sporty>
 </clothing>
 <clothing>
  <id>
   728788664
  </id>
  <name>
   Lacoste Belts N-6512
  </name>
  <category>
   Belts
  </category>
  <size>
   S
  </size>
  <color>
   Оранжевый
  </color>
  <material>
   Полиэстер
  </material>
  <price>
   355757
  </price>
  <rating>
   2.29
  </rating>
  <reviews>
   384939
  </reviews>
  <new>
   -
  </new>
  <exclusive>
   no
  </exclusive>
  <sporty>
   no
  </sporty>
 </clothing>
 <clothing>
  <id>
   379049668
  </id>
  <name>
   PleinSport Gloves R-7764
  </name>
  <category>
   Gloves
  </category>
  <size>
   XXL
  </size>
  <color>
   Желтый
  </color>
  <material>
   Шелк
  </material>
  <price>
   625536
  </price>
  <rating>
   1.73
  </rating>
  <reviews>
   117881
  </reviews>
  <new>
   -
  </new>
  <exclusive>
   yes
  </exclusive>
  <sporty>
   yes
  </sporty>
 </clothing>
 <clothing>
  <id>
   400155682
  </id>
  <name>
   Adidas T-shirt A-5051
  </name>
  <category>
   T-shirt
  </category>
  <size>
   XL
  </size>
  <color>
   Фиолетовый
  </color>
  <material>
   Кожа
  </material>
  <price>
   966652
  </price>
  <rating>
   4.61
  </rating>
  <reviews>
   984405
  </reviews>
  <new>
   -
  </new>
 </clothing>
 <clothing>
  <id>
   965974954
  </id>
  <name>
   Under Armour Sweater E-1895
  </name>
  <category>
   Sweater
  </category>
  <size>
   L
  </size>
  <color>
   Фиолетовый
  </color>
  <material>
   Шерсть
  </material>
  <price>
   298777
  </price>
  <rating>
   3.1
  </rating>
  <reviews>
   279115
  </reviews>
  <exclusive>
   no
  </exclusive>
  <sporty>
   yes
  </sporty>
 </clothing>
 <clothing>
  <id>
   336525290
  </id>
  <name>
   Puma Handbags Y-2498
  </name>
  <category>
   Handbags
  </category>
  <size>
   S
  </size>
  <color>
   Фиолетовый
  </color>
  <material>
   Вискоза
  </material>
  <price>
   651726
  </price>
  <rating>
   3.82
  </rating>
  <reviews>
   255176
  </reviews>
  <exclusive>
   yes
  </exclusive>
  <sporty>
   no
  </sporty>
 </clothing>
 <clothing>
  <id>
   212460213
  </id>
  <name>
   Vans Jeans E-7356
  </name>
  <category>
   Jeans
  </category>
  <size>
   XXL
  </size>
  <color>
   Оранжевый
  </color>
  <material>
   Шерсть
  </material>
  <price>
   171063
  </price>
  <rating>
   3.71
  </rating>
  <reviews>
   361226
  </reviews>
  <new>
   +
  </new>
  <exclusive>
   yes
  </exclusive>
  <sporty>
   no
  </sporty>
 </clothing>
 <clothing>
  <id>
   786400985
  </id>
  <name>
   Brooks Pants S-1396
  </name>
  <category>
   Pants
  </category>
  <size>
   S
  </size>
  <color>
   Оранжевый
  </color>
  <material>
   Кожа
  </material>
  <price>
   570150
  </price>
  <rating>
   2.88
  </rating>
  <reviews>
   331178
  </reviews>
  <exclusive>
   no
  </exclusive>
  <sporty>
   no
  </sporty>
 </clothing>
 <clothing>
  <id>
   538141585
  </id>
  <name>
   Brooks Gloves W-7036
  </name>
  <category>
   Gloves
  </category>
  <size>
   XL
  </size>
  <color>
   Фиолетовый
  </color>
  <material>
   Хлопок
  </material>
  <price>
   184911
  </price>
  <rating>
   3.71
  </rating>
  <reviews>
   538718
  </reviews>
  <new>
   -
  </new>
  <exclusive>
   no
  </exclusive>
 </clothing>
 <clothing>
  <id>
   236458147
  </id>
  <name>
   Fila Gloves P-1480
  </name>
  <category>
   Gloves
  </category>
  <size>
   XXL
  </size>
  <color>
   Зеленый
  </color>
  <material>
   Лен
  </material>
  <price>
   906359
  </price>
  <rating>
   3.28
  </rating>
  <reviews>
   364248
  </reviews>
  <new>
   -
  </new>
  <exclusive>
   no
  </exclusive>
  <sporty>
   no
  </sporty>
 </clothing>
 <clothing>
  <id>
   204891100
  </id>
  <name>
   Under Armour Skirt C-1557
  </name>
  <category>
   Skirt
  </category>
  <size>
   M
  </size>
  <color>
   Голубой
  </color>
  <material>
   Лен
  </material>
  <price>
   160453
  </price>
  <rating>
   1.53
  </rating>
  <reviews>
   781639
  </reviews>
  <exclusive>
   yes
  </exclusive>
 </clothing>
 <clothing>
  <id>
   197251631
  </id>
  <name>
   Reebok Skirt U-4486
  </name>
  <category>
   Skirt
  </category>
  <size>
   XXL
  </size>
  <color>
   Фиолетовый
  </color>
  <material>
   Хлопок
  </material>
  <price>
   112485
  </price>
  <rating>
   1.26
  </rating>
  <reviews>
   16786
  </reviews>
  <exclusive>
   yes
  </exclusive>
 </clothing>
 <clothing>
  <id>
   564279612
  </id>
  <name>
   Converse Jeans A-5595
  </name>
  <category>
   Jeans
  </category>
  <size>
   XXL
  </size>
  <color>
   Голубой
  </color>
  <material>
   Кожа
  </material>
  <price>
   269831
  </price>
  <rating>
   3.57
  </rating>
  <reviews>
   456816
  </reviews>
  <sporty>
   no
  </sporty>
 </clothing>
 <clothing>
  <id>
   623559593
  </id>
  <name>
   DC Blouse Q-3932
  </name>
  <category>
   Blouse
  </category>
  <size>
   XXL
  </size>
  <color>
   Синий
  </color>
  <material>
   Хлопок
  </material>
  <price>
   490055
  </price>
  <rating>
   2.4
  </rating>
  <reviews>
   493318
  </reviews>
  <new>
   -
  </new>
  <sporty>
   no
  </sporty>
 </clothing>
 <clothing>
  <id>
   473464566
  </id>
  <name>
   New Balance Jeans E-2402
  </name>
  <category>
   Jeans
  </category>
  <size>
   XXL
  </size>
  <color>
   Зеленый
  </color>
  <material>
   Кожа
  </material>
  <price>
   650149
  </price>
  <rating>
   3.66
  </rating>
  <reviews>
   631139
  </reviews>
  <new>
   +
  </new>
  <exclusive>
   no
  </exclusive>
  <sporty>
   no
  </sporty>
 </clothing>
 <clothing>
  <id>
   413883843
  </id>
  <name>
   Adidas Jacket Q-7399
  </name>
  <category>
   Jacket
  </category>
  <size>
   M
  </size>
  <color>
   Голубой
  </color>
  <material>
   Вискоза
  </material>
  <price>
   904772
  </price>
  <rating>
   2.82
  </rating>
  <reviews>
   259079
  </reviews>
  <new>
   +
  </new>
  <exclusive>
   no
  </exclusive>
  <sporty>
   yes
  </sporty>
 </clothing>
 <clothing>
  <id>
   471282872
  </id>
  <name>
   Fila Blouse X-4098
  </name>
  <category>
   Blouse
  </category>
  <size>
   XL
  </size>
  <color>
   Красный
  </color>
  <material>
   Хлопок
  </material>
  <price>
   993876
  </price>
  <rating>
   3.34
  </rating>
  <reviews>
   257007
  </reviews>
  <new>
   +
  </new>
  <exclusive>
   yes
  </exclusive>
  <sporty>
   no
  </sporty>
 </clothing>
 <clothing>
  <id>
   402892679
  </id>
  <name>
   PleinSport Umbrellas L-7075
  </name>
  <category>
   Umbrellas
  </category>
  <size>
   S
  </size>
  <color>
   Красный
  </color>
  <material>
   Хлопок
  </material>
  <price>
   193358
  </price>
  <rating>
   1.39
  </rating>
  <reviews>
   507300
  </reviews>
  <new>
   +
  </new>
  <sporty>
   no
  </sporty>
 </clothing>
 <clothing>
  <id>
   640035963
  </id>
  <name>
   Puma Handbags C-8044
  </name>
  <category>
   Handbags
  </category>
  <size>
   L
  </size>
  <color>
   Желтый
  </color>
  <material>
   Вискоза
  </material>
  <price>
   433958
  </price>
  <rating>
   3.21
  </rating>
  <reviews>
   468665
  </reviews>
  <sporty>
   yes
  </sporty>
 </clothing>
 <clothing>
  <id>
   149093601
  </id>
  <name>
   Addidas Sweater Q-8032
  </name>
  <category>
   Sweater
  </category>
  <size>
   L
  </size>
  <color>
   Оранжевый
  </color>
  <material>
   Лен
  </material>
  <price>
   280377
  </price>
  <rating>
   4.25
  </rating>
  <reviews>
   776464
  </reviews>
  <exclusive>
   yes
  </exclusive>
 </clothing>
 <clothing>
  <id>
   542272457
  </id>
  <name>
   Converse Socks S-4005
  </name>
  <category>
   Socks
  </category>
  <size>
   XXL
  </size>
  <color>
   Красный
  </color>
  <material>
   Хлопок
  </material>
  <price>
   723724
  </price>
  <rating>
   2.79
  </rating>
  <reviews>
   14479
  </reviews>
  <new>
   -
  </new>
  <sporty>
   no
  </sporty>
 </clothing>
 <clothing>
  <id>
   304951815
  </id>
  <name>
   Ellesse Shirt S-4616
  </name>
  <category>
   Shirt
  </category>
  <size>
   L
  </size>
  <color>
   Оранжевый
  </color>
  <material>
   Шерсть
  </material>
  <price>
   675853
  </price>
  <rating>
   1.34
  </rating>
  <reviews>
   851517
  </reviews>
  <exclusive>
   yes
  </exclusive>
  <sporty>
   no
  </sporty>
 </clothing>
 <clothing>
  <id>
   382315158
  </id>
  <name>
   Vans Handbags V-2745
  </name>
  <category>
   Handbags
  </category>
  <size>
   XL
  </size>
  <color>
   Оранжевый
  </color>
  <material>
   Вискоза
  </material>
  <price>
   161506
  </price>
  <rating>
   2.42
  </rating>
  <reviews>
   842178
  </reviews>
  <new>
   -
  </new>
  <exclusive>
   no
  </exclusive>
  <sporty>
   no
  </sporty>
 </clothing>
 <clothing>
  <id>
   962017440
  </id>
  <name>
   New Balance Jacket X-8807
  </name>
  <category>
   Jacket
  </category>
  <size>
   M
  </size>
  <color>
   Зеленый
  </color>
  <material>
   Нейлон
  </material>
  <price>
   526529
  </price>
  <rating>
   3.99
  </rating>
  <reviews>
   38098
  </reviews>
  <exclusive>
   yes
  </exclusive>
  <sporty>
   yes
  </sporty>
 </clothing>
 <clothing>
  <id>
   297905534
  </id>
  <name>
   Brooks Handbags T-3778
  </name>
  <category>
   Handbags
  </category>
  <size>
   L
  </size>
  <color>
   Оранжевый
  </color>
  <material>
   Лен
  </material>
  <price>
   868718
  </price>
  <rating>
   3.17
  </rating>
  <reviews>
   505809
  </reviews>
  <sporty>
   no
  </sporty>
 </clothing>
 <clothing>
  <id>
   956343458
  </id>
  <name>
   Lacoste Jeans V-1993
  </name>
  <category>
   Jeans
  </category>
  <size>
   S
  </size>
  <color>
   Зеленый
  </color>
  <material>
   Нейлон
  </material>
  <price>
   541426
  </price>
  <rating>
   4.93
  </rating>
  <reviews>
   175311
  </reviews>
  <exclusive>
   yes
  </exclusive>
 </clothing>
 <clothing>
  <id>
   850284784
  </id>
  <name>
   Fila Shirt G-3705
  </name>
  <category>
   Shirt
  </category>
  <size>
   S
  </size>
  <color>
   Красный
  </color>
  <material>
   Вискоза
  </material>
  <price>
   683720
  </price>
  <rating>
   1.08
  </rating>
  <reviews>
   931777
  </reviews>
  <new>
   +
  </new>
  <exclusive>
   no
  </exclusive>
  <sporty>
   yes
  </sporty>
 </clothing>
 <clothing>
  <id>
   679878713
  </id>
  <name>
   Puma Skirt M-1446
  </name>
  <category>
   Skirt
  </category>
  <size>
   XL
  </size>
  <color>
   Красный
  </color>
  <material>
   Вискоза
  </material>
  <price>
   217216
  </price>
  <rating>
   4.86
  </rating>
  <reviews>
   984120
  </reviews>
  <sporty>
   yes
  </sporty>
 </clothing>
 <clothing>
  <id>
   498895115
  </id>
  <name>
   Nike Pants T-2179
  </name>
  <category>
   Pants
  </category>
  <size>
   M
  </size>
  <color>
   Синий
  </color>
  <material>
   Шерсть
  </material>
  <price>
   473734
  </price>
  <rating>
   2.35
  </rating>
  <reviews>
   166118
  </reviews>
  <new>
   +
  </new>
  <exclusive>
   yes
  </exclusive>
  <sporty>
   no
  </sporty>
 </clothing>
 <clothing>
  <id>
   797977218
  </id>
  <name>
   Ellesse Jeans Q-3873
  </name>
  <category>
   Jeans
  </category>
  <size>
   L
  </size>
  <color>
   Голубой
  </color>
  <material>
   Лен
  </material>
  <price>
   295899
  </price>
  <rating>
   2.56
  </rating>
  <reviews>
   767404
  </reviews>
  <exclusive>
   no
  </exclusive>
  <sporty>
   yes
  </sporty>
 </clothing>
 <clothing>
  <id>
   779034107
  </id>
  <name>
   Fila Hat S-5225
  </name>
  <category>
   Hat
  </category>
  <size>
   XL
  </size>
  <color>
   Красный
  </color>
  <material>
   Нейлон
  </material>
  <price>
   206576
  </price>
  <rating>
   1.72
  </rating>
  <reviews>
   271453
  </reviews>
  <sporty>
   no
  </sporty>
 </clothing>
</clothing-items>
