<?xml version="1.0" encoding="utf-8"?>
<clothing-items>
 <clothing>
  <id>
   436511457
  </id>
  <name>
   Reebok T-shirt L-6669
  </name>
  <category>
   T-shirt
  </category>
  <size>
   S
  </size>
  <color>
   Голубой
  </color>
  <material>
   Лен
  </material>
  <price>
   522128
  </price>
  <rating>
   1.74
  </rating>
  <reviews>
   26396
  </reviews>
  <new>
   -
  </new>
  <exclusive>
   no
  </exclusive>
 </clothing>
 <clothing>
  <id>
   368695970
  </id>
  <name>
   Puma Dress T-9695
  </name>
  <category>
   Dress
  </category>
  <size>
   M
  </size>
  <color>
   Синий
  </color>
  <material>
   Шелк
  </material>
  <price>
   281353
  </price>
  <rating>
   1.33
  </rating>
  <reviews>
   719900
  </reviews>
  <exclusive>
   no
  </exclusive>
  <sporty>
   no
  </sporty>
 </clothing>
 <clothing>
  <id>
   884417837
  </id>
  <name>
   Adidas Handbags Y-8366
  </name>
  <category>
   Handbags
  </category>
  <size>
   XL
  </size>
  <color>
   Голубой
  </color>
  <material>
   Шерсть
  </material>
  <price>
   342006
  </price>
  <rating>
   1.8
  </rating>
  <reviews>
   523817
  </reviews>
  <new>
   -
  </new>
  <exclusive>
   yes
  </exclusive>
 </clothing>
 <clothing>
  <id>
   750119817
  </id>
  <name>
   New Balance Pants O-4124
  </name>
  <category>
   Pants
  </category>
  <size>
   XL
  </size>
  <color>
   Оранжевый
  </color>
  <material>
   Лен
  </material>
  <price>
   705386
  </price>
  <rating>
   2.42
  </rating>
  <reviews>
   153377
  </reviews>
  <exclusive>
   no
  </exclusive>
 </clothing>
 <clothing>
  <id>
   339915400
  </id>
  <name>
   Vans Blouse N-4813
  </name>
  <category>
   Blouse
  </category>
  <size>
   M
  </size>
  <color>
   Фиолетовый
  </color>
  <material>
   Шелк
  </material>
  <price>
   915161
  </price>
  <rating>
   2.9
  </rating>
  <reviews>
   370941
  </reviews>
  <new>
   -
  </new>
 </clothing>
 <clothing>
  <id>
   963748996
  </id>
  <name>
   Reebok Umbrellas V-6573
  </name>
  <category>
   Umbrellas
  </category>
  <size>
   S
  </size>
  <color>
   Зеленый
  </color>
  <material>
   Нейлон
  </material>
  <price>
   747305
  </price>
  <rating>
   2.94
  </rating>
  <reviews>
   16444
  </reviews>
  <new>
   -
  </new>
  <sporty>
   yes
  </sporty>
 </clothing>
 <clothing>
  <id>
   504758218
  </id>
  <name>
   Nike Shoes O-5695
  </name>
  <category>
   Shoes
  </category>
  <size>
   M
  </size>
  <color>
   Синий
  </color>
  <material>
   Полиэстер
  </material>
  <price>
   563934
  </price>
  <rating>
   4.46
  </rating>
  <reviews>
   984395
  </reviews>
  <new>
   -
  </new>
  <exclusive>
   no
  </exclusive>
  <sporty>
   no
  </sporty>
 </clothing>
 <clothing>
  <id>
   946425474
  </id>
  <name>
   PleinSport Blouse G-5412
  </name>
  <category>
   Blouse
  </category>
  <size>
   L
  </size>
  <color>
   Зеленый
  </color>
  <material>
   Шерсть
  </material>
  <price>
   480401
  </price>
  <rating>
   1.76
  </rating>
  <reviews>
   507535
  </reviews>
  <new>
   +
  </new>
  <exclusive>
   no
  </exclusive>
 </clothing>
 <clothing>
  <id>
   488341489
  </id>
  <name>
   Addidas T-shirt X-8706
  </name>
  <category>
   T-shirt
  </category>
  <size>
   L
  </size>
  <color>
   Оранжевый
  </color>
  <material>
   Шерсть
  </material>
  <price>
   557694
  </price>
  <rating>
   1.74
  </rating>
  <reviews>
   422555
  </reviews>
  <new>
   +
  </new>
  <exclusive>
   yes
  </exclusive>
 </clothing>
 <clothing>
  <id>
   562054512
  </id>
  <name>
   Adidas Umbrellas H-3925
  </name>
  <category>
   Umbrellas
  </category>
  <size>
   XXL
  </size>
  <color>
   Красный
  </color>
  <material>
   Шелк
  </material>
  <price>
   417690
  </price>
  <rating>
   3.54
  </rating>
  <reviews>
   427498
  </reviews>
  <new>
   +
  </new>
  <sporty>
   yes
  </sporty>
 </clothing>
 <clothing>
  <id>
   859202782
  </id>
  <name>
   Addidas T-shirt A-1528
  </name>
  <category>
   T-shirt
  </category>
  <size>
   XXL
  </size>
  <color>
   Зеленый
  </color>
  <material>
   Шелк
  </material>
  <price>
   633142
  </price>
  <rating>
   4.68
  </rating>
  <reviews>
   351854
  </reviews>
  <new>
   -
  </new>
  <sporty>
   no
  </sporty>
 </clothing>
 <clothing>
  <id>
   695128587
  </id>
  <name>
   Puma T-shirt I-8436
  </name>
  <category>
   T-shirt
  </category>
  <size>
   M
  </size>
  <color>
   Желтый
  </color>
  <material>
   Полиэстер
  </material>
  <price>
   917039
  </price>
  <rating>
   2.14
  </rating>
  <reviews>
   714556
  </reviews>
  <new>
   +
  </new>
  <exclusive>
   yes
  </exclusive>
  <sporty>
   yes
  </sporty>
 </clothing>
 <clothing>
  <id>
   426142840
  </id>
  <name>
   Addidas Hat W-7000
  </name>
  <category>
   Hat
  </category>
  <size>
   S
  </size>
  <color>
   Красный
  </color>
  <material>
   Лен
  </material>
  <price>
   367390
  </price>
  <rating>
   3.46
  </rating>
  <reviews>
   902556
  </reviews>
  <new>
   +
  </new>
  <sporty>
   no
  </sporty>
 </clothing>
 <clothing>
  <id>
   476911789
  </id>
  <name>
   Asics Gloves O-7707
  </name>
  <category>
   Gloves
  </category>
  <size>
   L
  </size>
  <color>
   Оранжевый
  </color>
  <material>
   Нейлон
  </material>
  <price>
   879401
  </price>
  <rating>
   3.66
  </rating>
  <reviews>
   512839
  </reviews>
  <new>
   -
  </new>
  <sporty>
   yes
  </sporty>
 </clothing>
 <clothing>
  <id>
   685349772
  </id>
  <name>
   Brooks Shirt Y-5057
  </name>
  <category>
   Shirt
  </category>
  <size>
   XXL
  </size>
  <color>
   Зеленый
  </color>
  <material>
   Шерсть
  </material>
  <price>
   786624
  </price>
  <rating>
   4.2
  </rating>
  <reviews>
   621661
  </reviews>
  <exclusive>
   no
  </exclusive>
  <sporty>
   no
  </sporty>
 </clothing>
 <clothing>
  <id>
   613087811
  </id>
  <name>
   New Balance Belts W-2971
  </name>
  <category>
   Belts
  </category>
  <size>
   XXL
  </size>
  <color>
   Фиолетовый
  </color>
  <material>
   Кожа
  </material>
  <price>
   535972
  </price>
  <rating>
   2.05
  </rating>
  <reviews>
   823898
  </reviews>
  <new>
   +
  </new>
  <exclusive>
   yes
  </exclusive>
 </clothing>
 <clothing>
  <id>
   702402934
  </id>
  <name>
   Reebok Handbags X-1430
  </name>
  <category>
   Handbags
  </category>
  <size>
   M
  </size>
  <color>
   Фиолетовый
  </color>
  <material>
   Кожа
  </material>
  <price>
   841341
  </price>
  <rating>
   2.14
  </rating>
  <reviews>
   53600
  </reviews>
  <new>
   -
  </new>
 </clothing>
 <clothing>
  <id>
   221396440
  </id>
  <name>
   Puma Jeans B-5557
  </name>
  <category>
   Jeans
  </category>
  <size>
   XXL
  </size>
  <color>
   Желтый
  </color>
  <material>
   Хлопок
  </material>
  <price>
   969854
  </price>
  <rating>
   1.06
  </rating>
  <reviews>
   721989
  </reviews>
  <new>
   -
  </new>
 </clothing>
 <clothing>
  <id>
   961349188
  </id>
  <name>
   Vans Umbrellas R-8528
  </name>
  <category>
   Umbrellas
  </category>
  <size>
   XL
  </size>
  <color>
   Голубой
  </color>
  <material>
   Вискоза
  </material>
  <price>
   761350
  </price>
  <rating>
   2.75
  </rating>
  <reviews>
   783010
  </reviews>
  <new>
   -
  </new>
  <exclusive>
   no
  </exclusive>
  <sporty>
   yes
  </sporty>
 </clothing>
 <clothing>
  <id>
   865911230
  </id>
  <name>
   Fila Shoes S-5419
  </name>
  <category>
   Shoes
  </category>
  <size>
   L
  </size>
  <color>
   Фиолетовый
  </color>
  <material>
   Нейлон
  </material>
  <price>
   598029
  </price>
  <rating>
   1.87
  </rating>
  <reviews>
   692359
  </reviews>
  <exclusive>
   yes
  </exclusive>
  <sporty>
   no
  </sporty>
 </clothing>
 <clothing>
  <id>
   521924454
  </id>
  <name>
   Reebok Belts R-8471
  </name>
  <category>
   Belts
  </category>
  <size>
   XXL
  </size>
  <color>
   Желтый
  </color>
  <material>
   Шерсть
  </material>
  <price>
   398911
  </price>
  <rating>
   1.94
  </rating>
  <reviews>
   317253
  </reviews>
  <new>
   -
  </new>
 </clothing>
 <clothing>
  <id>
   687949608
  </id>
  <name>
   Reebok Dress F-1585
  </name>
  <category>
   Dress
  </category>
  <size>
   XXL
  </size>
  <color>
   Красный
  </color>
  <material>
   Вискоза
  </material>
  <price>
   440081
  </price>
  <rating>
   4.14
  </rating>
  <reviews>
   892709
  </reviews>
  <exclusive>
   no
  </exclusive>
 </clothing>
 <clothing>
  <id>
   561607259
  </id>
  <name>
   Lacoste Jacket M-3529
  </name>
  <category>
   Jacket
  </category>
  <size>
   XXL
  </size>
  <color>
   Синий
  </color>
  <material>
   Кожа
  </material>
  <price>
   219340
  </price>
  <rating>
   1.85
  </rating>
  <reviews>
   97328
  </reviews>
  <sporty>
   no
  </sporty>
 </clothing>
 <clothing>
  <id>
   950674468
  </id>
  <name>
   Nike Handbags Y-7817
  </name>
  <category>
   Handbags
  </category>
  <size>
   XXL
  </size>
  <color>
   Красный
  </color>
  <material>
   Кожа
  </material>
  <price>
   405076
  </price>
  <rating>
   2.19
  </rating>
  <reviews>
   90719
  </reviews>
  <new>
   -
  </new>
  <exclusive>
   no
  </exclusive>
  <sporty>
   yes
  </sporty>
 </clothing>
 <clothing>
  <id>
   831851707
  </id>
  <name>
   DC Jacket N-4767
  </name>
  <category>
   Jacket
  </category>
  <size>
   S
  </size>
  <color>
   Желтый
  </color>
  <material>
   Кожа
  </material>
  <price>
   239509
  </price>
  <rating>
   3.08
  </rating>
  <reviews>
   330030
  </reviews>
  <new>
   -
  </new>
  <sporty>
   no
  </sporty>
 </clothing>
 <clothing>
  <id>
   675948363
  </id>
  <name>
   DC Dress G-5606
  </name>
  <category>
   Dress
  </category>
  <size>
   S
  </size>
  <color>
   Фиолетовый
  </color>
  <material>
   Шелк
  </material>
  <price>
   305004
  </price>
  <rating>
   2.29
  </rating>
  <reviews>
   607358
  </reviews>
  <sporty>
   no
  </sporty>
 </clothing>
 <clothing>
  <id>
   671328846
  </id>
  <name>
   Asics Umbrellas Q-9822
  </name>
  <category>
   Umbrellas
  </category>
  <size>
   L
  </size>
  <color>
   Желтый
  </color>
  <material>
   Хлопок
  </material>
  <price>
   917256
  </price>
  <rating>
   3.08
  </rating>
  <reviews>
   325485
  </reviews>
  <new>
   -
  </new>
  <exclusive>
   yes
  </exclusive>
 </clothing>
 <clothing>
  <id>
   867276063
  </id>
  <name>
   Adidas Handbags E-1454
  </name>
  <category>
   Handbags
  </category>
  <size>
   M
  </size>
  <color>
   Фиолетовый
  </color>
  <material>
   Нейлон
  </material>
  <price>
   732512
  </price>
  <rating>
   3.96
  </rating>
  <reviews>
   887203
  </reviews>
  <new>
   -
  </new>
  <exclusive>
   no
  </exclusive>
  <sporty>
   no
  </sporty>
 </clothing>
 <clothing>
  <id>
   948354251
  </id>
  <name>
   Nike Socks T-4621
  </name>
  <category>
   Socks
  </category>
  <size>
   XXL
  </size>
  <color>
   Синий
  </color>
  <material>
   Вискоза
  </material>
  <price>
   296288
  </price>
  <rating>
   4.53
  </rating>
  <reviews>
   62864
  </reviews>
  <new>
   -
  </new>
  <sporty>
   yes
  </sporty>
 </clothing>
 <clothing>
  <id>
   846270713
  </id>
  <name>
   Reebok Jeans M-2644
  </name>
  <category>
   Jeans
  </category>
  <size>
   S
  </size>
  <color>
   Голубой
  </color>
  <material>
   Шерсть
  </material>
  <price>
   919818
  </price>
  <rating>
   3.49
  </rating>
  <reviews>
   548641
  </reviews>
  <exclusive>
   yes
  </exclusive>
  <sporty>
   no
  </sporty>
 </clothing>
 <clothing>
  <id>
   981179088
  </id>
  <name>
   PleinSport Belts T-8492
  </name>
  <category>
   Belts
  </category>
  <size>
   M
  </size>
  <color>
   Зеленый
  </color>
  <material>
   Нейлон
  </material>
  <price>
   403931
  </price>
  <rating>
   4.34
  </rating>
  <reviews>
   852836
  </reviews>
  <new>
   -
  </new>
 </clothing>
 <clothing>
  <id>
   323048396
  </id>
  <name>
   Adidas Socks X-6940
  </name>
  <category>
   Socks
  </category>
  <size>
   L
  </size>
  <color>
   Синий
  </color>
  <material>
   Кожа
  </material>
  <price>
   434111
  </price>
  <rating>
   3.39
  </rating>
  <reviews>
   882329
  </reviews>
  <new>
   +
  </new>
  <sporty>
   no
  </sporty>
 </clothing>
 <clothing>
  <id>
   198523541
  </id>
  <name>
   Adidas Shoes P-3540
  </name>
  <category>
   Shoes
  </category>
  <size>
   S
  </size>
  <color>
   Оранжевый
  </color>
  <material>
   Вискоза
  </material>
  <price>
   665108
  </price>
  <rating>
   4.73
  </rating>
  <reviews>
   647605
  </reviews>
  <exclusive>
   yes
  </exclusive>
  <sporty>
   no
  </sporty>
 </clothing>
</clothing-items>
