<?xml version="1.0" encoding="utf-8"?>
<clothing-items>
 <clothing>
  <id>
   437765739
  </id>
  <name>
   Asics Socks U-1571
  </name>
  <category>
   Socks
  </category>
  <size>
   L
  </size>
  <color>
   Фиолетовый
  </color>
  <material>
   Полиэстер
  </material>
  <price>
   967839
  </price>
  <rating>
   1.62
  </rating>
  <reviews>
   188058
  </reviews>
  <new>
   -
  </new>
  <exclusive>
   no
  </exclusive>
 </clothing>
 <clothing>
  <id>
   542464250
  </id>
  <name>
   DC Jeans T-3949
  </name>
  <category>
   Jeans
  </category>
  <size>
   M
  </size>
  <color>
   Зеленый
  </color>
  <material>
   Хлопок
  </material>
  <price>
   894958
  </price>
  <rating>
   3.16
  </rating>
  <reviews>
   490608
  </reviews>
  <new>
   -
  </new>
  <exclusive>
   no
  </exclusive>
  <sporty>
   no
  </sporty>
 </clothing>
 <clothing>
  <id>
   258672804
  </id>
  <name>
   New Balance Sweater T-5561
  </name>
  <category>
   Sweater
  </category>
  <size>
   XL
  </size>
  <color>
   Фиолетовый
  </color>
  <material>
   Шелк
  </material>
  <price>
   608753
  </price>
  <rating>
   4.81
  </rating>
  <reviews>
   825003
  </reviews>
  <new>
   -
  </new>
  <sporty>
   yes
  </sporty>
 </clothing>
 <clothing>
  <id>
   645035597
  </id>
  <name>
   Puma Pants Q-3549
  </name>
  <category>
   Pants
  </category>
  <size>
   L
  </size>
  <color>
   Фиолетовый
  </color>
  <material>
   Шерсть
  </material>
  <price>
   522881
  </price>
  <rating>
   4.72
  </rating>
  <reviews>
   85299
  </reviews>
  <new>
   +
  </new>
  <exclusive>
   no
  </exclusive>
 </clothing>
 <clothing>
  <id>
   961703766
  </id>
  <name>
   Converse Sweater O-3051
  </name>
  <category>
   Sweater
  </category>
  <size>
   XXL
  </size>
  <color>
   Синий
  </color>
  <material>
   Шелк
  </material>
  <price>
   461474
  </price>
  <rating>
   2.23
  </rating>
  <reviews>
   103418
  </reviews>
  <new>
   +
  </new>
  <exclusive>
   no
  </exclusive>
 </clothing>
 <clothing>
  <id>
   840975478
  </id>
  <name>
   New Balance Shirt N-2769
  </name>
  <category>
   Shirt
  </category>
  <size>
   XXL
  </size>
  <color>
   Желтый
  </color>
  <material>
   Лен
  </material>
  <price>
   696113
  </price>
  <rating>
   1.26
  </rating>
  <reviews>
   407293
  </reviews>
  <new>
   -
  </new>
  <exclusive>
   no
  </exclusive>
 </clothing>
 <clothing>
  <id>
   242639833
  </id>
  <name>
   Adidas Dress A-2950
  </name>
  <category>
   Dress
  </category>
  <size>
   L
  </size>
  <color>
   Синий
  </color>
  <material>
   Кожа
  </material>
  <price>
   805264
  </price>
  <rating>
   3.84
  </rating>
  <reviews>
   999345
  </reviews>
  <new>
   -
  </new>
  <exclusive>
   no
  </exclusive>
 </clothing>
 <clothing>
  <id>
   846932969
  </id>
  <name>
   Brooks Socks R-8792
  </name>
  <category>
   Socks
  </category>
  <size>
   S
  </size>
  <color>
   Желтый
  </color>
  <material>
   Полиэстер
  </material>
  <price>
   256858
  </price>
  <rating>
   2.74
  </rating>
  <reviews>
   944163
  </reviews>
  <exclusive>
   no
  </exclusive>
 </clothing>
 <clothing>
  <id>
   968506152
  </id>
  <name>
   Lacoste T-shirt A-1716
  </name>
  <category>
   T-shirt
  </category>
  <size>
   M
  </size>
  <color>
   Зеленый
  </color>
  <material>
   Лен
  </material>
  <price>
   206019
  </price>
  <rating>
   2.88
  </rating>
  <reviews>
   44238
  </reviews>
  <exclusive>
   yes
  </exclusive>
 </clothing>
 <clothing>
  <id>
   594744455
  </id>
  <name>
   Converse Pants D-4422
  </name>
  <category>
   Pants
  </category>
  <size>
   XXL
  </size>
  <color>
   Красный
  </color>
  <material>
   Нейлон
  </material>
  <price>
   154553
  </price>
  <rating>
   4.07
  </rating>
  <reviews>
   520223
  </reviews>
  <exclusive>
   no
  </exclusive>
  <sporty>
   no
  </sporty>
 </clothing>
 <clothing>
  <id>
   335308784
  </id>
  <name>
   Addidas Dress D-3769
  </name>
  <category>
   Dress
  </category>
  <size>
   S
  </size>
  <color>
   Фиолетовый
  </color>
  <material>
   Шерсть
  </material>
  <price>
   658905
  </price>
  <rating>
   2.41
  </rating>
  <reviews>
   225350
  </reviews>
  <exclusive>
   no
  </exclusive>
 </clothing>
 <clothing>
  <id>
   527100783
  </id>
  <name>
   Adidas Shirt C-6555
  </name>
  <category>
   Shirt
  </category>
  <size>
   S
  </size>
  <color>
   Фиолетовый
  </color>
  <material>
   Нейлон
  </material>
  <price>
   887765
  </price>
  <rating>
   4.96
  </rating>
  <reviews>
   198299
  </reviews>
  <new>
   +
  </new>
  <exclusive>
   no
  </exclusive>
  <sporty>
   no
  </sporty>
 </clothing>
 <clothing>
  <id>
   115464434
  </id>
  <name>
   PleinSport Sweater D-1551
  </name>
  <category>
   Sweater
  </category>
  <size>
   M
  </size>
  <color>
   Зеленый
  </color>
  <material>
   Шерсть
  </material>
  <price>
   618874
  </price>
  <rating>
   4.12
  </rating>
  <reviews>
   785885
  </reviews>
  <exclusive>
   no
  </exclusive>
  <sporty>
   no
  </sporty>
 </clothing>
 <clothing>
  <id>
   860259165
  </id>
  <name>
   Nike Handbags P-5961
  </name>
  <category>
   Handbags
  </category>
  <size>
   M
  </size>
  <color>
   Зеленый
  </color>
  <material>
   Лен
  </material>
  <price>
   999988
  </price>
  <rating>
   3.54
  </rating>
  <reviews>
   755055
  </reviews>
  <new>
   -
  </new>
  <sporty>
   no
  </sporty>
 </clothing>
 <clothing>
  <id>
   219373056
  </id>
  <name>
   Brooks Jeans D-8101
  </name>
  <category>
   Jeans
  </category>
  <size>
   S
  </size>
  <color>
   Желтый
  </color>
  <material>
   Шелк
  </material>
  <price>
   757322
  </price>
  <rating>
   4.25
  </rating>
  <reviews>
   756535
  </reviews>
  <new>
   +
  </new>
  <exclusive>
   no
  </exclusive>
  <sporty>
   yes
  </sporty>
 </clothing>
 <clothing>
  <id>
   421123422
  </id>
  <name>
   Ellesse Shoes O-1699
  </name>
  <category>
   Shoes
  </category>
  <size>
   XXL
  </size>
  <color>
   Красный
  </color>
  <material>
   Нейлон
  </material>
  <price>
   255806
  </price>
  <rating>
   2.32
  </rating>
  <reviews>
   84223
  </reviews>
  <new>
   -
  </new>
 </clothing>
 <clothing>
  <id>
   282406512
  </id>
  <name>
   Under Armour Skirt H-7998
  </name>
  <category>
   Skirt
  </category>
  <size>
   XL
  </size>
  <color>
   Зеленый
  </color>
  <material>
   Шерсть
  </material>
  <price>
   646904
  </price>
  <rating>
   4.04
  </rating>
  <reviews>
   285353
  </reviews>
  <new>
   -
  </new>
  <exclusive>
   yes
  </exclusive>
 </clothing>
 <clothing>
  <id>
   111835616
  </id>
  <name>
   PleinSport Shirt K-2339
  </name>
  <category>
   Shirt
  </category>
  <size>
   M
  </size>
  <color>
   Голубой
  </color>
  <material>
   Хлопок
  </material>
  <price>
   183528
  </price>
  <rating>
   4.04
  </rating>
  <reviews>
   298452
  </reviews>
  <new>
   -
  </new>
  <exclusive>
   no
  </exclusive>
 </clothing>
 <clothing>
  <id>
   362925468
  </id>
  <name>
   Brooks Jeans E-3345
  </name>
  <category>
   Jeans
  </category>
  <size>
   L
  </size>
  <color>
   Фиолетовый
  </color>
  <material>
   Полиэстер
  </material>
  <price>
   431019
  </price>
  <rating>
   3.34
  </rating>
  <reviews>
   708887
  </reviews>
  <new>
   -
  </new>
  <exclusive>
   yes
  </exclusive>
  <sporty>
   yes
  </sporty>
 </clothing>
 <clothing>
  <id>
   392450318
  </id>
  <name>
   PleinSport Pants O-5192
  </name>
  <category>
   Pants
  </category>
  <size>
   L
  </size>
  <color>
   Фиолетовый
  </color>
  <material>
   Шелк
  </material>
  <price>
   956840
  </price>
  <rating>
   4.07
  </rating>
  <reviews>
   820569
  </reviews>
  <sporty>
   yes
  </sporty>
 </clothing>
 <clothing>
  <id>
   849530931
  </id>
  <name>
   Reebok Jacket Y-4671
  </name>
  <category>
   Jacket
  </category>
  <size>
   XXL
  </size>
  <color>
   Желтый
  </color>
  <material>
   Хлопок
  </material>
  <price>
   164219
  </price>
  <rating>
   2.45
  </rating>
  <reviews>
   546464
  </reviews>
  <new>
   -
  </new>
  <sporty>
   yes
  </sporty>
 </clothing>
 <clothing>
  <id>
   293529450
  </id>
  <name>
   Lacoste T-shirt D-6149
  </name>
  <category>
   T-shirt
  </category>
  <size>
   L
  </size>
  <color>
   Синий
  </color>
  <material>
   Вискоза
  </material>
  <price>
   328914
  </price>
  <rating>
   4.8
  </rating>
  <reviews>
   59146
  </reviews>
  <sporty>
   no
  </sporty>
 </clothing>
 <clothing>
  <id>
   943205669
  </id>
  <name>
   Ellesse Shoes G-9077
  </name>
  <category>
   Shoes
  </category>
  <size>
   S
  </size>
  <color>
   Желтый
  </color>
  <material>
   Кожа
  </material>
  <price>
   371929
  </price>
  <rating>
   3.12
  </rating>
  <reviews>
   327288
  </reviews>
  <exclusive>
   yes
  </exclusive>
 </clothing>
 <clothing>
  <id>
   590890995
  </id>
  <name>
   Addidas T-shirt T-8463
  </name>
  <category>
   T-shirt
  </category>
  <size>
   XXL
  </size>
  <color>
   Голубой
  </color>
  <material>
   Вискоза
  </material>
  <price>
   828890
  </price>
  <rating>
   2.09
  </rating>
  <reviews>
   62021
  </reviews>
  <new>
   +
  </new>
 </clothing>
 <clothing>
  <id>
   106807606
  </id>
  <name>
   Under Armour Socks K-8154
  </name>
  <category>
   Socks
  </category>
  <size>
   S
  </size>
  <color>
   Красный
  </color>
  <material>
   Шелк
  </material>
  <price>
   678114
  </price>
  <rating>
   2.67
  </rating>
  <reviews>
   117794
  </reviews>
  <new>
   +
  </new>
  <exclusive>
   yes
  </exclusive>
 </clothing>
 <clothing>
  <id>
   706725122
  </id>
  <name>
   Addidas Jeans J-1345
  </name>
  <category>
   Jeans
  </category>
  <size>
   L
  </size>
  <color>
   Желтый
  </color>
  <material>
   Полиэстер
  </material>
  <price>
   667215
  </price>
  <rating>
   3.52
  </rating>
  <reviews>
   570146
  </reviews>
  <new>
   +
  </new>
  <exclusive>
   no
  </exclusive>
  <sporty>
   no
  </sporty>
 </clothing>
 <clothing>
  <id>
   191722653
  </id>
  <name>
   Asics Socks Z-8258
  </name>
  <category>
   Socks
  </category>
  <size>
   M
  </size>
  <color>
   Зеленый
  </color>
  <material>
   Нейлон
  </material>
  <price>
   326196
  </price>
  <rating>
   2.42
  </rating>
  <reviews>
   377691
  </reviews>
  <exclusive>
   no
  </exclusive>
 </clothing>
 <clothing>
  <id>
   950418743
  </id>
  <name>
   Lacoste Skirt F-6986
  </name>
  <category>
   Skirt
  </category>
  <size>
   L
  </size>
  <color>
   Красный
  </color>
  <material>
   Полиэстер
  </material>
  <price>
   687457
  </price>
  <rating>
   2.13
  </rating>
  <reviews>
   644237
  </reviews>
  <new>
   -
  </new>
  <exclusive>
   yes
  </exclusive>
 </clothing>
 <clothing>
  <id>
   714537655
  </id>
  <name>
   Nike Handbags L-8855
  </name>
  <category>
   Handbags
  </category>
  <size>
   XL
  </size>
  <color>
   Оранжевый
  </color>
  <material>
   Кожа
  </material>
  <price>
   339975
  </price>
  <rating>
   2.8
  </rating>
  <reviews>
   701894
  </reviews>
  <new>
   +
  </new>
  <sporty>
   yes
  </sporty>
 </clothing>
 <clothing>
  <id>
   561760190
  </id>
  <name>
   Adidas Jacket Q-7407
  </name>
  <category>
   Jacket
  </category>
  <size>
   XXL
  </size>
  <color>
   Синий
  </color>
  <material>
   Нейлон
  </material>
  <price>
   108200
  </price>
  <rating>
   3.88
  </rating>
  <reviews>
   14230
  </reviews>
  <exclusive>
   no
  </exclusive>
  <sporty>
   yes
  </sporty>
 </clothing>
 <clothing>
  <id>
   351759342
  </id>
  <name>
   Brooks Shoes X-5323
  </name>
  <category>
   Shoes
  </category>
  <size>
   M
  </size>
  <color>
   Синий
  </color>
  <material>
   Кожа
  </material>
  <price>
   679139
  </price>
  <rating>
   2.54
  </rating>
  <reviews>
   77377
  </reviews>
  <new>
   +
  </new>
  <sporty>
   yes
  </sporty>
 </clothing>
 <clothing>
  <id>
   651257135
  </id>
  <name>
   Reebok Umbrellas W-3664
  </name>
  <category>
   Umbrellas
  </category>
  <size>
   S
  </size>
  <color>
   Зеленый
  </color>
  <material>
   Кожа
  </material>
  <price>
   354524
  </price>
  <rating>
   3.07
  </rating>
  <reviews>
   528154
  </reviews>
 </clothing>
 <clothing>
  <id>
   427837998
  </id>
  <name>
   Brooks Blouse Z-9803
  </name>
  <category>
   Blouse
  </category>
  <size>
   L
  </size>
  <color>
   Голубой
  </color>
  <material>
   Вискоза
  </material>
  <price>
   130616
  </price>
  <rating>
   2.29
  </rating>
  <reviews>
   692110
  </reviews>
  <exclusive>
   no
  </exclusive>
  <sporty>
   no
  </sporty>
 </clothing>
 <clothing>
  <id>
   975223373
  </id>
  <name>
   New Balance Umbrellas P-9419
  </name>
  <category>
   Umbrellas
  </category>
  <size>
   L
  </size>
  <color>
   Оранжевый
  </color>
  <material>
   Хлопок
  </material>
  <price>
   572539
  </price>
  <rating>
   3.7
  </rating>
  <reviews>
   800984
  </reviews>
  <exclusive>
   no
  </exclusive>
  <sporty>
   yes
  </sporty>
 </clothing>
 <clothing>
  <id>
   716693039
  </id>
  <name>
   New Balance Handbags E-1409
  </name>
  <category>
   Handbags
  </category>
  <size>
   M
  </size>
  <color>
   Оранжевый
  </color>
  <material>
   Лен
  </material>
  <price>
   167509
  </price>
  <rating>
   3.02
  </rating>
  <reviews>
   884393
  </reviews>
 </clothing>
 <clothing>
  <id>
   940370734
  </id>
  <name>
   Addidas Dress O-2853
  </name>
  <category>
   Dress
  </category>
  <size>
   M
  </size>
  <color>
   Оранжевый
  </color>
  <material>
   Полиэстер
  </material>
  <price>
   184330
  </price>
  <rating>
   4.65
  </rating>
  <reviews>
   576872
  </reviews>
  <exclusive>
   no
  </exclusive>
 </clothing>
 <clothing>
  <id>
   326372170
  </id>
  <name>
   Fila T-shirt Z-2754
  </name>
  <category>
   T-shirt
  </category>
  <size>
   M
  </size>
  <color>
   Желтый
  </color>
  <material>
   Вискоза
  </material>
  <price>
   636956
  </price>
  <rating>
   2.38
  </rating>
  <reviews>
   763571
  </reviews>
  <new>
   -
  </new>
 </clothing>
 <clothing>
  <id>
   897365394
  </id>
  <name>
   Fila Belts C-8190
  </name>
  <category>
   Belts
  </category>
  <size>
   L
  </size>
  <color>
   Зеленый
  </color>
  <material>
   Шелк
  </material>
  <price>
   666785
  </price>
  <rating>
   4.85
  </rating>
  <reviews>
   159415
  </reviews>
  <new>
   -
  </new>
  <exclusive>
   no
  </exclusive>
 </clothing>
 <clothing>
  <id>
   517037330
  </id>
  <name>
   Asics Blouse D-9046
  </name>
  <category>
   Blouse
  </category>
  <size>
   S
  </size>
  <color>
   Синий
  </color>
  <material>
   Нейлон
  </material>
  <price>
   270431
  </price>
  <rating>
   1.85
  </rating>
  <reviews>
   711515
  </reviews>
  <new>
   -
  </new>
  <exclusive>
   no
  </exclusive>
 </clothing>
 <clothing>
  <id>
   433374548
  </id>
  <name>
   Under Armour Gloves U-7753
  </name>
  <category>
   Gloves
  </category>
  <size>
   L
  </size>
  <color>
   Зеленый
  </color>
  <material>
   Вискоза
  </material>
  <price>
   776092
  </price>
  <rating>
   3.92
  </rating>
  <reviews>
   408162
  </reviews>
  <new>
   +
  </new>
  <exclusive>
   no
  </exclusive>
  <sporty>
   no
  </sporty>
 </clothing>
 <clothing>
  <id>
   665653332
  </id>
  <name>
   Brooks Handbags R-1934
  </name>
  <category>
   Handbags
  </category>
  <size>
   XXL
  </size>
  <color>
   Красный
  </color>
  <material>
   Нейлон
  </material>
  <price>
   674978
  </price>
  <rating>
   3.02
  </rating>
  <reviews>
   155190
  </reviews>
 </clothing>
 <clothing>
  <id>
   798192988
  </id>
  <name>
   Vans T-shirt K-4916
  </name>
  <category>
   T-shirt
  </category>
  <size>
   S
  </size>
  <color>
   Зеленый
  </color>
  <material>
   Нейлон
  </material>
  <price>
   218628
  </price>
  <rating>
   1.78
  </rating>
  <reviews>
   599219
  </reviews>
  <new>
   -
  </new>
  <exclusive>
   no
  </exclusive>
  <sporty>
   yes
  </sporty>
 </clothing>
 <clothing>
  <id>
   675786853
  </id>
  <name>
   Addidas Dress F-2443
  </name>
  <category>
   Dress
  </category>
  <size>
   S
  </size>
  <color>
   Голубой
  </color>
  <material>
   Шерсть
  </material>
  <price>
   858462
  </price>
  <rating>
   3.8
  </rating>
  <reviews>
   49032
  </reviews>
  <new>
   +
  </new>
 </clothing>
 <clothing>
  <id>
   373798984
  </id>
  <name>
   Brooks Jeans K-3398
  </name>
  <category>
   Jeans
  </category>
  <size>
   M
  </size>
  <color>
   Желтый
  </color>
  <material>
   Полиэстер
  </material>
  <price>
   869209
  </price>
  <rating>
   1.67
  </rating>
  <reviews>
   344503
  </reviews>
  <new>
   -
  </new>
 </clothing>
 <clothing>
  <id>
   843907562
  </id>
  <name>
   Lacoste Belts Q-9795
  </name>
  <category>
   Belts
  </category>
  <size>
   S
  </size>
  <color>
   Оранжевый
  </color>
  <material>
   Полиэстер
  </material>
  <price>
   457969
  </price>
  <rating>
   3.58
  </rating>
  <reviews>
   565902
  </reviews>
  <sporty>
   yes
  </sporty>
 </clothing>
 <clothing>
  <id>
   517150324
  </id>
  <name>
   Nike Belts W-4317
  </name>
  <category>
   Belts
  </category>
  <size>
   M
  </size>
  <color>
   Желтый
  </color>
  <material>
   Лен
  </material>
  <price>
   908689
  </price>
  <rating>
   3.87
  </rating>
  <reviews>
   10163
  </reviews>
  <new>
   -
  </new>
  <exclusive>
   no
  </exclusive>
 </clothing>
 <clothing>
  <id>
   914440603
  </id>
  <name>
   Under Armour Handbags C-4336
  </name>
  <category>
   Handbags
  </category>
  <size>
   S
  </size>
  <color>
   Голубой
  </color>
  <material>
   Кожа
  </material>
  <price>
   346671
  </price>
  <rating>
   4.06
  </rating>
  <reviews>
   209164
  </reviews>
  <exclusive>
   yes
  </exclusive>
 </clothing>
 <clothing>
  <id>
   507297442
  </id>
  <name>
   Adidas Handbags Z-2085
  </name>
  <category>
   Handbags
  </category>
  <size>
   M
  </size>
  <color>
   Красный
  </color>
  <material>
   Лен
  </material>
  <price>
   614366
  </price>
  <rating>
   1.73
  </rating>
  <reviews>
   750056
  </reviews>
  <sporty>
   no
  </sporty>
 </clothing>
 <clothing>
  <id>
   831947303
  </id>
  <name>
   Reebok Blouse Y-4350
  </name>
  <category>
   Blouse
  </category>
  <size>
   XXL
  </size>
  <color>
   Фиолетовый
  </color>
  <material>
   Шерсть
  </material>
  <price>
   109161
  </price>
  <rating>
   1.59
  </rating>
  <reviews>
   807947
  </reviews>
  <exclusive>
   yes
  </exclusive>
  <sporty>
   no
  </sporty>
 </clothing>
 <clothing>
  <id>
   907154143
  </id>
  <name>
   Addidas Pants A-2192
  </name>
  <category>
   Pants
  </category>
  <size>
   M
  </size>
  <color>
   Желтый
  </color>
  <material>
   Шелк
  </material>
  <price>
   947771
  </price>
  <rating>
   3.95
  </rating>
  <reviews>
   590690
  </reviews>
  <sporty>
   yes
  </sporty>
 </clothing>
</clothing-items>
