<?xml version="1.0" encoding="utf-8"?>
<clothing-items>
 <clothing>
  <id>
   356546534
  </id>
  <name>
   Addidas T-shirt M-9482
  </name>
  <category>
   T-shirt
  </category>
  <size>
   S
  </size>
  <color>
   Оранжевый
  </color>
  <material>
   Шелк
  </material>
  <price>
   999509
  </price>
  <rating>
   2.16
  </rating>
  <reviews>
   648941
  </reviews>
  <new>
   +
  </new>
  <exclusive>
   no
  </exclusive>
  <sporty>
   no
  </sporty>
 </clothing>
 <clothing>
  <id>
   950528363
  </id>
  <name>
   New Balance Hat A-8716
  </name>
  <category>
   Hat
  </category>
  <size>
   L
  </size>
  <color>
   Красный
  </color>
  <material>
   Шелк
  </material>
  <price>
   297172
  </price>
  <rating>
   4.25
  </rating>
  <reviews>
   237281
  </reviews>
  <new>
   -
  </new>
  <exclusive>
   yes
  </exclusive>
 </clothing>
 <clothing>
  <id>
   804886722
  </id>
  <name>
   New Balance Shirt B-5858
  </name>
  <category>
   Shirt
  </category>
  <size>
   M
  </size>
  <color>
   Красный
  </color>
  <material>
   Шерсть
  </material>
  <price>
   362872
  </price>
  <rating>
   3.9
  </rating>
  <reviews>
   903185
  </reviews>
  <new>
   -
  </new>
  <exclusive>
   no
  </exclusive>
 </clothing>
 <clothing>
  <id>
   793792820
  </id>
  <name>
   Asics Skirt U-5596
  </name>
  <category>
   Skirt
  </category>
  <size>
   XXL
  </size>
  <color>
   Оранжевый
  </color>
  <material>
   Кожа
  </material>
  <price>
   768775
  </price>
  <rating>
   2.08
  </rating>
  <reviews>
   10000
  </reviews>
  <new>
   +
  </new>
  <sporty>
   no
  </sporty>
 </clothing>
 <clothing>
  <id>
   714214208
  </id>
  <name>
   Asics Shirt L-8886
  </name>
  <category>
   Shirt
  </category>
  <size>
   M
  </size>
  <color>
   Зеленый
  </color>
  <material>
   Кожа
  </material>
  <price>
   611266
  </price>
  <rating>
   2.59
  </rating>
  <reviews>
   41554
  </reviews>
  <sporty>
   no
  </sporty>
 </clothing>
 <clothing>
  <id>
   462100741
  </id>
  <name>
   Addidas T-shirt C-1750
  </name>
  <category>
   T-shirt
  </category>
  <size>
   XL
  </size>
  <color>
   Оранжевый
  </color>
  <material>
   Кожа
  </material>
  <price>
   744353
  </price>
  <rating>
   4.11
  </rating>
  <reviews>
   330090
  </reviews>
  <new>
   -
  </new>
  <sporty>
   yes
  </sporty>
 </clothing>
 <clothing>
  <id>
   319748437
  </id>
  <name>
   Vans Sweater Q-3135
  </name>
  <category>
   Sweater
  </category>
  <size>
   XXL
  </size>
  <color>
   Синий
  </color>
  <material>
   Вискоза
  </material>
  <price>
   467548
  </price>
  <rating>
   4.0
  </rating>
  <reviews>
   925407
  </reviews>
  <new>
   -
  </new>
 </clothing>
 <clothing>
  <id>
   856859610
  </id>
  <name>
   Nike Socks R-9545
  </name>
  <category>
   Socks
  </category>
  <size>
   M
  </size>
  <color>
   Фиолетовый
  </color>
  <material>
   Кожа
  </material>
  <price>
   812914
  </price>
  <rating>
   3.88
  </rating>
  <reviews>
   506456
  </reviews>
  <new>
   -
  </new>
  <exclusive>
   no
  </exclusive>
  <sporty>
   no
  </sporty>
 </clothing>
 <clothing>
  <id>
   633506366
  </id>
  <name>
   Addidas Handbags S-7369
  </name>
  <category>
   Handbags
  </category>
  <size>
   L
  </size>
  <color>
   Красный
  </color>
  <material>
   Нейлон
  </material>
  <price>
   712964
  </price>
  <rating>
   3.38
  </rating>
  <reviews>
   91924
  </reviews>
  <sporty>
   no
  </sporty>
 </clothing>
 <clothing>
  <id>
   172630095
  </id>
  <name>
   Adidas Belts P-4932
  </name>
  <category>
   Belts
  </category>
  <size>
   S
  </size>
  <color>
   Фиолетовый
  </color>
  <material>
   Вискоза
  </material>
  <price>
   655310
  </price>
  <rating>
   3.15
  </rating>
  <reviews>
   60388
  </reviews>
  <new>
   -
  </new>
  <exclusive>
   no
  </exclusive>
  <sporty>
   no
  </sporty>
 </clothing>
 <clothing>
  <id>
   506373076
  </id>
  <name>
   Asics Blouse R-2254
  </name>
  <category>
   Blouse
  </category>
  <size>
   S
  </size>
  <color>
   Оранжевый
  </color>
  <material>
   Полиэстер
  </material>
  <price>
   984110
  </price>
  <rating>
   2.22
  </rating>
  <reviews>
   4825
  </reviews>
  <exclusive>
   no
  </exclusive>
 </clothing>
</clothing-items>
