<?xml version="1.0" encoding="utf-8"?>
<clothing-items>
 <clothing>
  <id>
   185019713
  </id>
  <name>
   New Balance Jeans X-8259
  </name>
  <category>
   Jeans
  </category>
  <size>
   XL
  </size>
  <color>
   Оранжевый
  </color>
  <material>
   Хлопок
  </material>
  <price>
   760485
  </price>
  <rating>
   3.95
  </rating>
  <reviews>
   168850
  </reviews>
  <sporty>
   no
  </sporty>
 </clothing>
 <clothing>
  <id>
   265955764
  </id>
  <name>
   Asics Shirt P-1826
  </name>
  <category>
   Shirt
  </category>
  <size>
   S
  </size>
  <color>
   Желтый
  </color>
  <material>
   Шелк
  </material>
  <price>
   725907
  </price>
  <rating>
   1.79
  </rating>
  <reviews>
   921217
  </reviews>
  <new>
   +
  </new>
  <exclusive>
   no
  </exclusive>
  <sporty>
   no
  </sporty>
 </clothing>
 <clothing>
  <id>
   931459701
  </id>
  <name>
   Converse Shirt G-2069
  </name>
  <category>
   Shirt
  </category>
  <size>
   L
  </size>
  <color>
   Красный
  </color>
  <material>
   Кожа
  </material>
  <price>
   152703
  </price>
  <rating>
   1.78
  </rating>
  <reviews>
   770629
  </reviews>
  <sporty>
   no
  </sporty>
 </clothing>
 <clothing>
  <id>
   441412995
  </id>
  <name>
   Reebok Handbags F-6578
  </name>
  <category>
   Handbags
  </category>
  <size>
   XXL
  </size>
  <color>
   Фиолетовый
  </color>
  <material>
   Шерсть
  </material>
  <price>
   324691
  </price>
  <rating>
   1.12
  </rating>
  <reviews>
   92931
  </reviews>
  <new>
   -
  </new>
  <exclusive>
   no
  </exclusive>
  <sporty>
   no
  </sporty>
 </clothing>
 <clothing>
  <id>
   560632796
  </id>
  <name>
   Adidas Sweater Q-4854
  </name>
  <category>
   Sweater
  </category>
  <size>
   M
  </size>
  <color>
   Синий
  </color>
  <material>
   Хлопок
  </material>
  <price>
   353575
  </price>
  <rating>
   4.61
  </rating>
  <reviews>
   189786
  </reviews>
  <sporty>
   no
  </sporty>
 </clothing>
 <clothing>
  <id>
   116740482
  </id>
  <name>
   Asics Handbags V-2660
  </name>
  <category>
   Handbags
  </category>
  <size>
   S
  </size>
  <color>
   Фиолетовый
  </color>
  <material>
   Полиэстер
  </material>
  <price>
   811244
  </price>
  <rating>
   2.01
  </rating>
  <reviews>
   140215
  </reviews>
  <new>
   -
  </new>
  <sporty>
   no
  </sporty>
 </clothing>
 <clothing>
  <id>
   944982384
  </id>
  <name>
   New Balance Jacket L-9192
  </name>
  <category>
   Jacket
  </category>
  <size>
   L
  </size>
  <color>
   Голубой
  </color>
  <material>
   Шелк
  </material>
  <price>
   555465
  </price>
  <rating>
   2.13
  </rating>
  <reviews>
   219840
  </reviews>
  <exclusive>
   yes
  </exclusive>
  <sporty>
   no
  </sporty>
 </clothing>
 <clothing>
  <id>
   696132030
  </id>
  <name>
   Under Armour Dress F-3999
  </name>
  <category>
   Dress
  </category>
  <size>
   XL
  </size>
  <color>
   Синий
  </color>
  <material>
   Нейлон
  </material>
  <price>
   328591
  </price>
  <rating>
   3.97
  </rating>
  <reviews>
   953724
  </reviews>
  <exclusive>
   yes
  </exclusive>
  <sporty>
   no
  </sporty>
 </clothing>
 <clothing>
  <id>
   806616197
  </id>
  <name>
   PleinSport Socks K-7589
  </name>
  <category>
   Socks
  </category>
  <size>
   XXL
  </size>
  <color>
   Оранжевый
  </color>
  <material>
   Шелк
  </material>
  <price>
   305569
  </price>
  <rating>
   1.54
  </rating>
  <reviews>
   361603
  </reviews>
  <exclusive>
   no
  </exclusive>
 </clothing>
 <clothing>
  <id>
   667789846
  </id>
  <name>
   Addidas Dress V-3564
  </name>
  <category>
   Dress
  </category>
  <size>
   S
  </size>
  <color>
   Голубой
  </color>
  <material>
   Шерсть
  </material>
  <price>
   721829
  </price>
  <rating>
   3.35
  </rating>
  <reviews>
   82585
  </reviews>
  <new>
   -
  </new>
  <exclusive>
   no
  </exclusive>
 </clothing>
 <clothing>
  <id>
   425842737
  </id>
  <name>
   Ellesse Belts A-6551
  </name>
  <category>
   Belts
  </category>
  <size>
   XXL
  </size>
  <color>
   Зеленый
  </color>
  <material>
   Шелк
  </material>
  <price>
   125187
  </price>
  <rating>
   3.88
  </rating>
  <reviews>
   210160
  </reviews>
 </clothing>
 <clothing>
  <id>
   232833325
  </id>
  <name>
   Vans Dress R-6307
  </name>
  <category>
   Dress
  </category>
  <size>
   S
  </size>
  <color>
   Синий
  </color>
  <material>
   Хлопок
  </material>
  <price>
   902367
  </price>
  <rating>
   1.52
  </rating>
  <reviews>
   810585
  </reviews>
  <sporty>
   no
  </sporty>
 </clothing>
</clothing-items>
