<?xml version="1.0" encoding="utf-8"?>
<clothing-items>
 <clothing>
  <id>
   747573444
  </id>
  <name>
   Converse Shirt N-2535
  </name>
  <category>
   Shirt
  </category>
  <size>
   M
  </size>
  <color>
   Оранжевый
  </color>
  <material>
   Лен
  </material>
  <price>
   694005
  </price>
  <rating>
   4.61
  </rating>
  <reviews>
   615838
  </reviews>
 </clothing>
 <clothing>
  <id>
   981704149
  </id>
  <name>
   PleinSport Shoes X-5024
  </name>
  <category>
   Shoes
  </category>
  <size>
   L
  </size>
  <color>
   Зеленый
  </color>
  <material>
   Лен
  </material>
  <price>
   515488
  </price>
  <rating>
   2.97
  </rating>
  <reviews>
   667473
  </reviews>
  <sporty>
   yes
  </sporty>
 </clothing>
 <clothing>
  <id>
   324011798
  </id>
  <name>
   Nike Sweater W-4367
  </name>
  <category>
   Sweater
  </category>
  <size>
   M
  </size>
  <color>
   Зеленый
  </color>
  <material>
   Кожа
  </material>
  <price>
   186488
  </price>
  <rating>
   4.45
  </rating>
  <reviews>
   73948
  </reviews>
  <new>
   +
  </new>
  <sporty>
   yes
  </sporty>
 </clothing>
 <clothing>
  <id>
   127126130
  </id>
  <name>
   Converse Sweater F-5837
  </name>
  <category>
   Sweater
  </category>
  <size>
   XL
  </size>
  <color>
   Оранжевый
  </color>
  <material>
   Шелк
  </material>
  <price>
   312290
  </price>
  <rating>
   1.68
  </rating>
  <reviews>
   665115
  </reviews>
  <new>
   -
  </new>
  <exclusive>
   no
  </exclusive>
 </clothing>
 <clothing>
  <id>
   147007659
  </id>
  <name>
   Vans Skirt S-9226
  </name>
  <category>
   Skirt
  </category>
  <size>
   M
  </size>
  <color>
   Голубой
  </color>
  <material>
   Кожа
  </material>
  <price>
   917268
  </price>
  <rating>
   4.47
  </rating>
  <reviews>
   871210
  </reviews>
  <new>
   -
  </new>
  <sporty>
   no
  </sporty>
 </clothing>
 <clothing>
  <id>
   449365708
  </id>
  <name>
   Puma Blouse V-6281
  </name>
  <category>
   Blouse
  </category>
  <size>
   S
  </size>
  <color>
   Фиолетовый
  </color>
  <material>
   Вискоза
  </material>
  <price>
   687613
  </price>
  <rating>
   1.38
  </rating>
  <reviews>
   140252
  </reviews>
  <exclusive>
   no
  </exclusive>
 </clothing>
 <clothing>
  <id>
   754144346
  </id>
  <name>
   Asics Belts S-9789
  </name>
  <category>
   Belts
  </category>
  <size>
   S
  </size>
  <color>
   Красный
  </color>
  <material>
   Лен
  </material>
  <price>
   898740
  </price>
  <rating>
   3.07
  </rating>
  <reviews>
   61949
  </reviews>
  <new>
   +
  </new>
  <exclusive>
   no
  </exclusive>
  <sporty>
   yes
  </sporty>
 </clothing>
 <clothing>
  <id>
   530969738
  </id>
  <name>
   Vans Dress N-9327
  </name>
  <category>
   Dress
  </category>
  <size>
   M
  </size>
  <color>
   Оранжевый
  </color>
  <material>
   Нейлон
  </material>
  <price>
   340454
  </price>
  <rating>
   3.79
  </rating>
  <reviews>
   763003
  </reviews>
  <exclusive>
   no
  </exclusive>
  <sporty>
   no
  </sporty>
 </clothing>
 <clothing>
  <id>
   821685344
  </id>
  <name>
   Brooks T-shirt E-5268
  </name>
  <category>
   T-shirt
  </category>
  <size>
   L
  </size>
  <color>
   Синий
  </color>
  <material>
   Шелк
  </material>
  <price>
   383937
  </price>
  <rating>
   2.13
  </rating>
  <reviews>
   645188
  </reviews>
  <new>
   -
  </new>
  <exclusive>
   yes
  </exclusive>
  <sporty>
   no
  </sporty>
 </clothing>
 <clothing>
  <id>
   317418168
  </id>
  <name>
   Adidas Shoes Z-2206
  </name>
  <category>
   Shoes
  </category>
  <size>
   XL
  </size>
  <color>
   Фиолетовый
  </color>
  <material>
   Хлопок
  </material>
  <price>
   462572
  </price>
  <rating>
   1.46
  </rating>
  <reviews>
   866582
  </reviews>
  <new>
   -
  </new>
 </clothing>
 <clothing>
  <id>
   706247904
  </id>
  <name>
   Brooks Gloves D-2501
  </name>
  <category>
   Gloves
  </category>
  <size>
   XL
  </size>
  <color>
   Желтый
  </color>
  <material>
   Кожа
  </material>
  <price>
   244226
  </price>
  <rating>
   4.42
  </rating>
  <reviews>
   559293
  </reviews>
  <sporty>
   no
  </sporty>
 </clothing>
 <clothing>
  <id>
   215820860
  </id>
  <name>
   Adidas Umbrellas L-6992
  </name>
  <category>
   Umbrellas
  </category>
  <size>
   M
  </size>
  <color>
   Зеленый
  </color>
  <material>
   Полиэстер
  </material>
  <price>
   289074
  </price>
  <rating>
   2.2
  </rating>
  <reviews>
   876996
  </reviews>
 </clothing>
 <clothing>
  <id>
   121768355
  </id>
  <name>
   Vans Handbags F-2696
  </name>
  <category>
   Handbags
  </category>
  <size>
   XXL
  </size>
  <color>
   Голубой
  </color>
  <material>
   Хлопок
  </material>
  <price>
   439449
  </price>
  <rating>
   3.08
  </rating>
  <reviews>
   333776
  </reviews>
  <new>
   -
  </new>
  <exclusive>
   no
  </exclusive>
  <sporty>
   no
  </sporty>
 </clothing>
 <clothing>
  <id>
   651961991
  </id>
  <name>
   Vans Handbags O-1189
  </name>
  <category>
   Handbags
  </category>
  <size>
   XL
  </size>
  <color>
   Голубой
  </color>
  <material>
   Лен
  </material>
  <price>
   111061
  </price>
  <rating>
   3.82
  </rating>
  <reviews>
   155382
  </reviews>
  <new>
   +
  </new>
  <exclusive>
   yes
  </exclusive>
 </clothing>
 <clothing>
  <id>
   552012482
  </id>
  <name>
   Reebok Pants B-6025
  </name>
  <category>
   Pants
  </category>
  <size>
   L
  </size>
  <color>
   Голубой
  </color>
  <material>
   Хлопок
  </material>
  <price>
   357490
  </price>
  <rating>
   4.16
  </rating>
  <reviews>
   265291
  </reviews>
  <sporty>
   no
  </sporty>
 </clothing>
 <clothing>
  <id>
   210027254
  </id>
  <name>
   Fila Shirt N-8341
  </name>
  <category>
   Shirt
  </category>
  <size>
   M
  </size>
  <color>
   Синий
  </color>
  <material>
   Кожа
  </material>
  <price>
   673552
  </price>
  <rating>
   3.88
  </rating>
  <reviews>
   171786
  </reviews>
  <exclusive>
   yes
  </exclusive>
  <sporty>
   no
  </sporty>
 </clothing>
 <clothing>
  <id>
   879162440
  </id>
  <name>
   Vans Handbags U-9329
  </name>
  <category>
   Handbags
  </category>
  <size>
   XXL
  </size>
  <color>
   Голубой
  </color>
  <material>
   Кожа
  </material>
  <price>
   370185
  </price>
  <rating>
   1.45
  </rating>
  <reviews>
   638053
  </reviews>
  <new>
   +
  </new>
  <exclusive>
   yes
  </exclusive>
 </clothing>
 <clothing>
  <id>
   793409284
  </id>
  <name>
   Fila Socks L-6703
  </name>
  <category>
   Socks
  </category>
  <size>
   S
  </size>
  <color>
   Оранжевый
  </color>
  <material>
   Кожа
  </material>
  <price>
   895287
  </price>
  <rating>
   4.3
  </rating>
  <reviews>
   641021
  </reviews>
  <new>
   -
  </new>
  <exclusive>
   no
  </exclusive>
  <sporty>
   no
  </sporty>
 </clothing>
 <clothing>
  <id>
   731097824
  </id>
  <name>
   Converse Shoes E-8844
  </name>
  <category>
   Shoes
  </category>
  <size>
   XL
  </size>
  <color>
   Синий
  </color>
  <material>
   Полиэстер
  </material>
  <price>
   356280
  </price>
  <rating>
   4.63
  </rating>
  <reviews>
   317350
  </reviews>
  <exclusive>
   no
  </exclusive>
  <sporty>
   no
  </sporty>
 </clothing>
 <clothing>
  <id>
   625282634
  </id>
  <name>
   Vans Belts M-8179
  </name>
  <category>
   Belts
  </category>
  <size>
   XL
  </size>
  <color>
   Оранжевый
  </color>
  <material>
   Шелк
  </material>
  <price>
   271993
  </price>
  <rating>
   2.7
  </rating>
  <reviews>
   615524
  </reviews>
  <new>
   -
  </new>
  <sporty>
   no
  </sporty>
 </clothing>
 <clothing>
  <id>
   949503162
  </id>
  <name>
   New Balance Socks S-5400
  </name>
  <category>
   Socks
  </category>
  <size>
   XXL
  </size>
  <color>
   Фиолетовый
  </color>
  <material>
   Полиэстер
  </material>
  <price>
   898635
  </price>
  <rating>
   3.76
  </rating>
  <reviews>
   916401
  </reviews>
  <exclusive>
   no
  </exclusive>
  <sporty>
   no
  </sporty>
 </clothing>
</clothing-items>
