<?xml version="1.0" encoding="utf-8"?>
<clothing-items>
 <clothing>
  <id>
   204283198
  </id>
  <name>
   New Balance Pants Q-7696
  </name>
  <category>
   Pants
  </category>
  <size>
   S
  </size>
  <color>
   Синий
  </color>
  <material>
   Полиэстер
  </material>
  <price>
   304743
  </price>
  <rating>
   1.98
  </rating>
  <reviews>
   258405
  </reviews>
  <new>
   -
  </new>
  <sporty>
   yes
  </sporty>
 </clothing>
 <clothing>
  <id>
   962651878
  </id>
  <name>
   Asics Blouse B-2029
  </name>
  <category>
   Blouse
  </category>
  <size>
   L
  </size>
  <color>
   Зеленый
  </color>
  <material>
   Вискоза
  </material>
  <price>
   407980
  </price>
  <rating>
   4.9
  </rating>
  <reviews>
   99276
  </reviews>
  <new>
   +
  </new>
  <sporty>
   no
  </sporty>
 </clothing>
 <clothing>
  <id>
   304048020
  </id>
  <name>
   Nike Jacket I-4098
  </name>
  <category>
   Jacket
  </category>
  <size>
   S
  </size>
  <color>
   Голубой
  </color>
  <material>
   Шерсть
  </material>
  <price>
   523555
  </price>
  <rating>
   1.47
  </rating>
  <reviews>
   477633
  </reviews>
  <exclusive>
   yes
  </exclusive>
  <sporty>
   yes
  </sporty>
 </clothing>
 <clothing>
  <id>
   651555765
  </id>
  <name>
   Brooks Socks X-1686
  </name>
  <category>
   Socks
  </category>
  <size>
   L
  </size>
  <color>
   Зеленый
  </color>
  <material>
   Шерсть
  </material>
  <price>
   215804
  </price>
  <rating>
   4.36
  </rating>
  <reviews>
   771989
  </reviews>
  <new>
   +
  </new>
  <sporty>
   no
  </sporty>
 </clothing>
 <clothing>
  <id>
   712922851
  </id>
  <name>
   Vans Gloves S-2827
  </name>
  <category>
   Gloves
  </category>
  <size>
   XL
  </size>
  <color>
   Фиолетовый
  </color>
  <material>
   Хлопок
  </material>
  <price>
   175616
  </price>
  <rating>
   3.64
  </rating>
  <reviews>
   55185
  </reviews>
  <new>
   -
  </new>
  <exclusive>
   no
  </exclusive>
  <sporty>
   no
  </sporty>
 </clothing>
 <clothing>
  <id>
   638017433
  </id>
  <name>
   Under Armour Hat B-3671
  </name>
  <category>
   Hat
  </category>
  <size>
   XL
  </size>
  <color>
   Синий
  </color>
  <material>
   Нейлон
  </material>
  <price>
   836006
  </price>
  <rating>
   4.83
  </rating>
  <reviews>
   207186
  </reviews>
  <exclusive>
   yes
  </exclusive>
 </clothing>
 <clothing>
  <id>
   436566528
  </id>
  <name>
   New Balance Skirt R-8073
  </name>
  <category>
   Skirt
  </category>
  <size>
   XL
  </size>
  <color>
   Зеленый
  </color>
  <material>
   Кожа
  </material>
  <price>
   882864
  </price>
  <rating>
   4.55
  </rating>
  <reviews>
   721878
  </reviews>
  <exclusive>
   yes
  </exclusive>
  <sporty>
   no
  </sporty>
 </clothing>
 <clothing>
  <id>
   693286819
  </id>
  <name>
   Fila T-shirt C-7505
  </name>
  <category>
   T-shirt
  </category>
  <size>
   XXL
  </size>
  <color>
   Красный
  </color>
  <material>
   Лен
  </material>
  <price>
   367985
  </price>
  <rating>
   1.87
  </rating>
  <reviews>
   402966
  </reviews>
  <new>
   -
  </new>
 </clothing>
 <clothing>
  <id>
   100507671
  </id>
  <name>
   Fila Belts Z-9239
  </name>
  <category>
   Belts
  </category>
  <size>
   L
  </size>
  <color>
   Желтый
  </color>
  <material>
   Лен
  </material>
  <price>
   342563
  </price>
  <rating>
   3.57
  </rating>
  <reviews>
   326888
  </reviews>
  <new>
   -
  </new>
  <exclusive>
   no
  </exclusive>
  <sporty>
   no
  </sporty>
 </clothing>
 <clothing>
  <id>
   674070190
  </id>
  <name>
   Fila Socks U-9868
  </name>
  <category>
   Socks
  </category>
  <size>
   L
  </size>
  <color>
   Желтый
  </color>
  <material>
   Нейлон
  </material>
  <price>
   769354
  </price>
  <rating>
   2.06
  </rating>
  <reviews>
   613193
  </reviews>
 </clothing>
 <clothing>
  <id>
   575926683
  </id>
  <name>
   Converse Handbags U-4426
  </name>
  <category>
   Handbags
  </category>
  <size>
   S
  </size>
  <color>
   Красный
  </color>
  <material>
   Нейлон
  </material>
  <price>
   849374
  </price>
  <rating>
   2.96
  </rating>
  <reviews>
   536393
  </reviews>
  <sporty>
   yes
  </sporty>
 </clothing>
 <clothing>
  <id>
   506609998
  </id>
  <name>
   PleinSport Dress K-2439
  </name>
  <category>
   Dress
  </category>
  <size>
   M
  </size>
  <color>
   Зеленый
  </color>
  <material>
   Лен
  </material>
  <price>
   501685
  </price>
  <rating>
   1.99
  </rating>
  <reviews>
   285802
  </reviews>
  <exclusive>
   no
  </exclusive>
  <sporty>
   yes
  </sporty>
 </clothing>
 <clothing>
  <id>
   709810207
  </id>
  <name>
   Puma Belts O-4968
  </name>
  <category>
   Belts
  </category>
  <size>
   L
  </size>
  <color>
   Зеленый
  </color>
  <material>
   Нейлон
  </material>
  <price>
   549507
  </price>
  <rating>
   4.03
  </rating>
  <reviews>
   611115
  </reviews>
  <exclusive>
   no
  </exclusive>
  <sporty>
   no
  </sporty>
 </clothing>
 <clothing>
  <id>
   149242781
  </id>
  <name>
   Fila Pants Q-1019
  </name>
  <category>
   Pants
  </category>
  <size>
   S
  </size>
  <color>
   Голубой
  </color>
  <material>
   Вискоза
  </material>
  <price>
   697878
  </price>
  <rating>
   1.13
  </rating>
  <reviews>
   333113
  </reviews>
  <new>
   -
  </new>
  <sporty>
   yes
  </sporty>
 </clothing>
 <clothing>
  <id>
   720368766
  </id>
  <name>
   Vans Handbags K-7042
  </name>
  <category>
   Handbags
  </category>
  <size>
   XL
  </size>
  <color>
   Голубой
  </color>
  <material>
   Полиэстер
  </material>
  <price>
   227499
  </price>
  <rating>
   1.47
  </rating>
  <reviews>
   903522
  </reviews>
  <new>
   -
  </new>
  <sporty>
   yes
  </sporty>
 </clothing>
 <clothing>
  <id>
   367536261
  </id>
  <name>
   Vans Umbrellas K-9199
  </name>
  <category>
   Umbrellas
  </category>
  <size>
   XL
  </size>
  <color>
   Оранжевый
  </color>
  <material>
   Лен
  </material>
  <price>
   683302
  </price>
  <rating>
   2.79
  </rating>
  <reviews>
   925128
  </reviews>
  <sporty>
   yes
  </sporty>
 </clothing>
 <clothing>
  <id>
   190441730
  </id>
  <name>
   Addidas Handbags J-7624
  </name>
  <category>
   Handbags
  </category>
  <size>
   XXL
  </size>
  <color>
   Оранжевый
  </color>
  <material>
   Нейлон
  </material>
  <price>
   215440
  </price>
  <rating>
   3.25
  </rating>
  <reviews>
   205998
  </reviews>
  <new>
   +
  </new>
  <exclusive>
   yes
  </exclusive>
  <sporty>
   no
  </sporty>
 </clothing>
 <clothing>
  <id>
   982186919
  </id>
  <name>
   Asics Sweater G-1922
  </name>
  <category>
   Sweater
  </category>
  <size>
   S
  </size>
  <color>
   Красный
  </color>
  <material>
   Вискоза
  </material>
  <price>
   626021
  </price>
  <rating>
   3.47
  </rating>
  <reviews>
   619840
  </reviews>
 </clothing>
 <clothing>
  <id>
   704842697
  </id>
  <name>
   Vans Umbrellas H-8607
  </name>
  <category>
   Umbrellas
  </category>
  <size>
   M
  </size>
  <color>
   Желтый
  </color>
  <material>
   Шерсть
  </material>
  <price>
   388686
  </price>
  <rating>
   3.13
  </rating>
  <reviews>
   968532
  </reviews>
  <exclusive>
   no
  </exclusive>
  <sporty>
   no
  </sporty>
 </clothing>
 <clothing>
  <id>
   451031344
  </id>
  <name>
   PleinSport Dress U-4884
  </name>
  <category>
   Dress
  </category>
  <size>
   M
  </size>
  <color>
   Красный
  </color>
  <material>
   Вискоза
  </material>
  <price>
   500318
  </price>
  <rating>
   1.59
  </rating>
  <reviews>
   297917
  </reviews>
  <new>
   -
  </new>
 </clothing>
 <clothing>
  <id>
   325563959
  </id>
  <name>
   Vans Belts U-4242
  </name>
  <category>
   Belts
  </category>
  <size>
   XXL
  </size>
  <color>
   Зеленый
  </color>
  <material>
   Вискоза
  </material>
  <price>
   559565
  </price>
  <rating>
   2.32
  </rating>
  <reviews>
   746318
  </reviews>
  <sporty>
   no
  </sporty>
 </clothing>
 <clothing>
  <id>
   726672440
  </id>
  <name>
   Nike Hat W-2292
  </name>
  <category>
   Hat
  </category>
  <size>
   XXL
  </size>
  <color>
   Зеленый
  </color>
  <material>
   Лен
  </material>
  <price>
   557812
  </price>
  <rating>
   1.15
  </rating>
  <reviews>
   274948
  </reviews>
  <new>
   -
  </new>
  <exclusive>
   no
  </exclusive>
  <sporty>
   yes
  </sporty>
 </clothing>
 <clothing>
  <id>
   266295804
  </id>
  <name>
   Brooks Jacket F-4651
  </name>
  <category>
   Jacket
  </category>
  <size>
   M
  </size>
  <color>
   Зеленый
  </color>
  <material>
   Хлопок
  </material>
  <price>
   145100
  </price>
  <rating>
   1.34
  </rating>
  <reviews>
   119157
  </reviews>
  <new>
   -
  </new>
  <sporty>
   no
  </sporty>
 </clothing>
 <clothing>
  <id>
   668390591
  </id>
  <name>
   Under Armour Skirt Q-3600
  </name>
  <category>
   Skirt
  </category>
  <size>
   S
  </size>
  <color>
   Желтый
  </color>
  <material>
   Хлопок
  </material>
  <price>
   752327
  </price>
  <rating>
   4.73
  </rating>
  <reviews>
   813730
  </reviews>
  <new>
   -
  </new>
  <exclusive>
   yes
  </exclusive>
 </clothing>
 <clothing>
  <id>
   577935901
  </id>
  <name>
   Lacoste Socks Y-6996
  </name>
  <category>
   Socks
  </category>
  <size>
   XXL
  </size>
  <color>
   Голубой
  </color>
  <material>
   Лен
  </material>
  <price>
   328308
  </price>
  <rating>
   3.92
  </rating>
  <reviews>
   81642
  </reviews>
  <sporty>
   no
  </sporty>
 </clothing>
 <clothing>
  <id>
   571179685
  </id>
  <name>
   Ellesse Shoes V-3297
  </name>
  <category>
   Shoes
  </category>
  <size>
   XXL
  </size>
  <color>
   Красный
  </color>
  <material>
   Вискоза
  </material>
  <price>
   388959
  </price>
  <rating>
   4.8
  </rating>
  <reviews>
   739530
  </reviews>
  <new>
   -
  </new>
  <exclusive>
   no
  </exclusive>
 </clothing>
 <clothing>
  <id>
   117447675
  </id>
  <name>
   New Balance Umbrellas B-3940
  </name>
  <category>
   Umbrellas
  </category>
  <size>
   M
  </size>
  <color>
   Голубой
  </color>
  <material>
   Полиэстер
  </material>
  <price>
   483561
  </price>
  <rating>
   1.55
  </rating>
  <reviews>
   227902
  </reviews>
  <new>
   +
  </new>
  <exclusive>
   yes
  </exclusive>
  <sporty>
   no
  </sporty>
 </clothing>
 <clothing>
  <id>
   730957719
  </id>
  <name>
   Reebok Shoes J-4019
  </name>
  <category>
   Shoes
  </category>
  <size>
   S
  </size>
  <color>
   Зеленый
  </color>
  <material>
   Шерсть
  </material>
  <price>
   979598
  </price>
  <rating>
   3.5
  </rating>
  <reviews>
   903090
  </reviews>
  <new>
   -
  </new>
  <exclusive>
   no
  </exclusive>
  <sporty>
   no
  </sporty>
 </clothing>
 <clothing>
  <id>
   643478949
  </id>
  <name>
   DC T-shirt Z-3317
  </name>
  <category>
   T-shirt
  </category>
  <size>
   XXL
  </size>
  <color>
   Синий
  </color>
  <material>
   Кожа
  </material>
  <price>
   456679
  </price>
  <rating>
   1.19
  </rating>
  <reviews>
   965799
  </reviews>
  <exclusive>
   yes
  </exclusive>
  <sporty>
   no
  </sporty>
 </clothing>
 <clothing>
  <id>
   191547776
  </id>
  <name>
   Puma Skirt E-7904
  </name>
  <category>
   Skirt
  </category>
  <size>
   L
  </size>
  <color>
   Зеленый
  </color>
  <material>
   Шелк
  </material>
  <price>
   275069
  </price>
  <rating>
   3.55
  </rating>
  <reviews>
   898254
  </reviews>
  <new>
   -
  </new>
 </clothing>
</clothing-items>
