<?xml version="1.0" encoding="utf-8"?>
<clothing-items>
 <clothing>
  <id>
   933975642
  </id>
  <name>
   PleinSport Sweater Y-7983
  </name>
  <category>
   Sweater
  </category>
  <size>
   S
  </size>
  <color>
   Фиолетовый
  </color>
  <material>
   Кожа
  </material>
  <price>
   294157
  </price>
  <rating>
   2.21
  </rating>
  <reviews>
   447607
  </reviews>
  <new>
   -
  </new>
  <exclusive>
   yes
  </exclusive>
  <sporty>
   yes
  </sporty>
 </clothing>
 <clothing>
  <id>
   287630298
  </id>
  <name>
   Brooks Pants Z-8520
  </name>
  <category>
   Pants
  </category>
  <size>
   M
  </size>
  <color>
   Зеленый
  </color>
  <material>
   Лен
  </material>
  <price>
   920799
  </price>
  <rating>
   4.9
  </rating>
  <reviews>
   209415
  </reviews>
  <new>
   +
  </new>
  <sporty>
   no
  </sporty>
 </clothing>
 <clothing>
  <id>
   180387283
  </id>
  <name>
   Ellesse Handbags A-1518
  </name>
  <category>
   Handbags
  </category>
  <size>
   L
  </size>
  <color>
   Оранжевый
  </color>
  <material>
   Кожа
  </material>
  <price>
   996571
  </price>
  <rating>
   4.83
  </rating>
  <reviews>
   824363
  </reviews>
  <new>
   +
  </new>
  <exclusive>
   no
  </exclusive>
 </clothing>
 <clothing>
  <id>
   681426015
  </id>
  <name>
   Fila Umbrellas I-7354
  </name>
  <category>
   Umbrellas
  </category>
  <size>
   M
  </size>
  <color>
   Синий
  </color>
  <material>
   Кожа
  </material>
  <price>
   159455
  </price>
  <rating>
   3.25
  </rating>
  <reviews>
   524679
  </reviews>
  <exclusive>
   no
  </exclusive>
 </clothing>
 <clothing>
  <id>
   184206780
  </id>
  <name>
   Lacoste Blouse Q-8769
  </name>
  <category>
   Blouse
  </category>
  <size>
   M
  </size>
  <color>
   Фиолетовый
  </color>
  <material>
   Шелк
  </material>
  <price>
   571758
  </price>
  <rating>
   1.76
  </rating>
  <reviews>
   94003
  </reviews>
 </clothing>
 <clothing>
  <id>
   570130817
  </id>
  <name>
   Fila Shoes D-6964
  </name>
  <category>
   Shoes
  </category>
  <size>
   XXL
  </size>
  <color>
   Фиолетовый
  </color>
  <material>
   Шелк
  </material>
  <price>
   962559
  </price>
  <rating>
   2.05
  </rating>
  <reviews>
   122498
  </reviews>
  <exclusive>
   yes
  </exclusive>
 </clothing>
 <clothing>
  <id>
   782233550
  </id>
  <name>
   Fila Pants Z-4841
  </name>
  <category>
   Pants
  </category>
  <size>
   S
  </size>
  <color>
   Красный
  </color>
  <material>
   Полиэстер
  </material>
  <price>
   343344
  </price>
  <rating>
   2.41
  </rating>
  <reviews>
   548324
  </reviews>
  <exclusive>
   no
  </exclusive>
 </clothing>
 <clothing>
  <id>
   724878241
  </id>
  <name>
   Puma Jacket A-1608
  </name>
  <category>
   Jacket
  </category>
  <size>
   S
  </size>
  <color>
   Красный
  </color>
  <material>
   Лен
  </material>
  <price>
   509043
  </price>
  <rating>
   4.7
  </rating>
  <reviews>
   653772
  </reviews>
  <sporty>
   no
  </sporty>
 </clothing>
 <clothing>
  <id>
   787924943
  </id>
  <name>
   Puma Skirt G-2192
  </name>
  <category>
   Skirt
  </category>
  <size>
   XL
  </size>
  <color>
   Зеленый
  </color>
  <material>
   Вискоза
  </material>
  <price>
   175983
  </price>
  <rating>
   2.55
  </rating>
  <reviews>
   597964
  </reviews>
  <new>
   -
  </new>
  <exclusive>
   no
  </exclusive>
 </clothing>
 <clothing>
  <id>
   561702437
  </id>
  <name>
   Brooks Dress U-1449
  </name>
  <category>
   Dress
  </category>
  <size>
   XL
  </size>
  <color>
   Оранжевый
  </color>
  <material>
   Шелк
  </material>
  <price>
   826804
  </price>
  <rating>
   4.78
  </rating>
  <reviews>
   100496
  </reviews>
  <new>
   -
  </new>
  <exclusive>
   yes
  </exclusive>
 </clothing>
 <clothing>
  <id>
   136939644
  </id>
  <name>
   Converse Pants U-4676
  </name>
  <category>
   Pants
  </category>
  <size>
   S
  </size>
  <color>
   Синий
  </color>
  <material>
   Нейлон
  </material>
  <price>
   596177
  </price>
  <rating>
   3.13
  </rating>
  <reviews>
   871562
  </reviews>
  <new>
   -
  </new>
  <exclusive>
   no
  </exclusive>
 </clothing>
 <clothing>
  <id>
   190268511
  </id>
  <name>
   Nike Shirt D-2194
  </name>
  <category>
   Shirt
  </category>
  <size>
   M
  </size>
  <color>
   Синий
  </color>
  <material>
   Кожа
  </material>
  <price>
   338776
  </price>
  <rating>
   4.48
  </rating>
  <reviews>
   136618
  </reviews>
  <new>
   -
  </new>
  <sporty>
   yes
  </sporty>
 </clothing>
 <clothing>
  <id>
   109076399
  </id>
  <name>
   PleinSport Jeans P-7933
  </name>
  <category>
   Jeans
  </category>
  <size>
   XXL
  </size>
  <color>
   Оранжевый
  </color>
  <material>
   Лен
  </material>
  <price>
   839099
  </price>
  <rating>
   4.04
  </rating>
  <reviews>
   552363
  </reviews>
  <new>
   -
  </new>
  <exclusive>
   no
  </exclusive>
 </clothing>
 <clothing>
  <id>
   206266372
  </id>
  <name>
   Fila Gloves O-5913
  </name>
  <category>
   Gloves
  </category>
  <size>
   L
  </size>
  <color>
   Голубой
  </color>
  <material>
   Хлопок
  </material>
  <price>
   562111
  </price>
  <rating>
   4.87
  </rating>
  <reviews>
   298513
  </reviews>
  <new>
   -
  </new>
  <sporty>
   no
  </sporty>
 </clothing>
 <clothing>
  <id>
   613741942
  </id>
  <name>
   Reebok Hat D-9459
  </name>
  <category>
   Hat
  </category>
  <size>
   M
  </size>
  <color>
   Синий
  </color>
  <material>
   Шерсть
  </material>
  <price>
   363196
  </price>
  <rating>
   4.58
  </rating>
  <reviews>
   465912
  </reviews>
  <new>
   +
  </new>
 </clothing>
 <clothing>
  <id>
   120208521
  </id>
  <name>
   Lacoste Blouse O-9022
  </name>
  <category>
   Blouse
  </category>
  <size>
   XXL
  </size>
  <color>
   Оранжевый
  </color>
  <material>
   Шелк
  </material>
  <price>
   505062
  </price>
  <rating>
   2.43
  </rating>
  <reviews>
   828678
  </reviews>
  <exclusive>
   no
  </exclusive>
 </clothing>
 <clothing>
  <id>
   721235775
  </id>
  <name>
   DC Socks S-8839
  </name>
  <category>
   Socks
  </category>
  <size>
   XXL
  </size>
  <color>
   Синий
  </color>
  <material>
   Шерсть
  </material>
  <price>
   252798
  </price>
  <rating>
   4.79
  </rating>
  <reviews>
   112519
  </reviews>
  <new>
   +
  </new>
  <exclusive>
   yes
  </exclusive>
  <sporty>
   no
  </sporty>
 </clothing>
 <clothing>
  <id>
   785891879
  </id>
  <name>
   DC Sweater S-3523
  </name>
  <category>
   Sweater
  </category>
  <size>
   L
  </size>
  <color>
   Оранжевый
  </color>
  <material>
   Шерсть
  </material>
  <price>
   871947
  </price>
  <rating>
   2.57
  </rating>
  <reviews>
   859811
  </reviews>
  <new>
   -
  </new>
  <exclusive>
   yes
  </exclusive>
  <sporty>
   no
  </sporty>
 </clothing>
 <clothing>
  <id>
   515119367
  </id>
  <name>
   Asics Skirt R-3727
  </name>
  <category>
   Skirt
  </category>
  <size>
   XL
  </size>
  <color>
   Оранжевый
  </color>
  <material>
   Хлопок
  </material>
  <price>
   133138
  </price>
  <rating>
   4.53
  </rating>
  <reviews>
   600702
  </reviews>
  <new>
   +
  </new>
  <exclusive>
   yes
  </exclusive>
  <sporty>
   no
  </sporty>
 </clothing>
 <clothing>
  <id>
   238028964
  </id>
  <name>
   PleinSport Skirt H-3247
  </name>
  <category>
   Skirt
  </category>
  <size>
   XL
  </size>
  <color>
   Голубой
  </color>
  <material>
   Полиэстер
  </material>
  <price>
   710371
  </price>
  <rating>
   4.66
  </rating>
  <reviews>
   463349
  </reviews>
  <exclusive>
   no
  </exclusive>
  <sporty>
   no
  </sporty>
 </clothing>
 <clothing>
  <id>
   578456963
  </id>
  <name>
   Ellesse T-shirt O-5641
  </name>
  <category>
   T-shirt
  </category>
  <size>
   XXL
  </size>
  <color>
   Оранжевый
  </color>
  <material>
   Полиэстер
  </material>
  <price>
   266639
  </price>
  <rating>
   4.71
  </rating>
  <reviews>
   352340
  </reviews>
  <exclusive>
   no
  </exclusive>
  <sporty>
   yes
  </sporty>
 </clothing>
 <clothing>
  <id>
   729037935
  </id>
  <name>
   Asics Gloves W-1417
  </name>
  <category>
   Gloves
  </category>
  <size>
   S
  </size>
  <color>
   Желтый
  </color>
  <material>
   Лен
  </material>
  <price>
   510805
  </price>
  <rating>
   4.1
  </rating>
  <reviews>
   507693
  </reviews>
  <new>
   -
  </new>
  <exclusive>
   no
  </exclusive>
  <sporty>
   no
  </sporty>
 </clothing>
 <clothing>
  <id>
   727894728
  </id>
  <name>
   Lacoste Sweater U-3157
  </name>
  <category>
   Sweater
  </category>
  <size>
   XXL
  </size>
  <color>
   Желтый
  </color>
  <material>
   Хлопок
  </material>
  <price>
   317560
  </price>
  <rating>
   1.48
  </rating>
  <reviews>
   690948
  </reviews>
  <new>
   +
  </new>
  <exclusive>
   no
  </exclusive>
  <sporty>
   yes
  </sporty>
 </clothing>
 <clothing>
  <id>
   588011946
  </id>
  <name>
   Puma Skirt Z-7007
  </name>
  <category>
   Skirt
  </category>
  <size>
   XXL
  </size>
  <color>
   Оранжевый
  </color>
  <material>
   Шелк
  </material>
  <price>
   633589
  </price>
  <rating>
   2.4
  </rating>
  <reviews>
   872394
  </reviews>
  <new>
   +
  </new>
  <exclusive>
   yes
  </exclusive>
  <sporty>
   yes
  </sporty>
 </clothing>
 <clothing>
  <id>
   592354271
  </id>
  <name>
   Addidas Shoes D-5030
  </name>
  <category>
   Shoes
  </category>
  <size>
   S
  </size>
  <color>
   Фиолетовый
  </color>
  <material>
   Шелк
  </material>
  <price>
   577939
  </price>
  <rating>
   4.24
  </rating>
  <reviews>
   548707
  </reviews>
  <new>
   -
  </new>
  <sporty>
   yes
  </sporty>
 </clothing>
 <clothing>
  <id>
   294230078
  </id>
  <name>
   Reebok T-shirt B-8970
  </name>
  <category>
   T-shirt
  </category>
  <size>
   L
  </size>
  <color>
   Голубой
  </color>
  <material>
   Шелк
  </material>
  <price>
   907548
  </price>
  <rating>
   2.97
  </rating>
  <reviews>
   463371
  </reviews>
  <new>
   -
  </new>
  <exclusive>
   yes
  </exclusive>
 </clothing>
 <clothing>
  <id>
   418482671
  </id>
  <name>
   Adidas Shoes R-6819
  </name>
  <category>
   Shoes
  </category>
  <size>
   S
  </size>
  <color>
   Фиолетовый
  </color>
  <material>
   Кожа
  </material>
  <price>
   880633
  </price>
  <rating>
   4.24
  </rating>
  <reviews>
   587004
  </reviews>
  <new>
   +
  </new>
  <exclusive>
   yes
  </exclusive>
 </clothing>
 <clothing>
  <id>
   790447686
  </id>
  <name>
   Converse Gloves K-7865
  </name>
  <category>
   Gloves
  </category>
  <size>
   L
  </size>
  <color>
   Зеленый
  </color>
  <material>
   Вискоза
  </material>
  <price>
   278428
  </price>
  <rating>
   3.92
  </rating>
  <reviews>
   256063
  </reviews>
  <exclusive>
   yes
  </exclusive>
  <sporty>
   no
  </sporty>
 </clothing>
 <clothing>
  <id>
   697297585
  </id>
  <name>
   Asics T-shirt E-5456
  </name>
  <category>
   T-shirt
  </category>
  <size>
   XL
  </size>
  <color>
   Фиолетовый
  </color>
  <material>
   Хлопок
  </material>
  <price>
   212280
  </price>
  <rating>
   3.81
  </rating>
  <reviews>
   179984
  </reviews>
  <exclusive>
   no
  </exclusive>
 </clothing>
 <clothing>
  <id>
   804491896
  </id>
  <name>
   DC Sweater S-5817
  </name>
  <category>
   Sweater
  </category>
  <size>
   XXL
  </size>
  <color>
   Синий
  </color>
  <material>
   Полиэстер
  </material>
  <price>
   751188
  </price>
  <rating>
   4.34
  </rating>
  <reviews>
   93592
  </reviews>
  <new>
   +
  </new>
  <exclusive>
   yes
  </exclusive>
  <sporty>
   yes
  </sporty>
 </clothing>
 <clothing>
  <id>
   108781201
  </id>
  <name>
   Reebok Belts J-4130
  </name>
  <category>
   Belts
  </category>
  <size>
   S
  </size>
  <color>
   Зеленый
  </color>
  <material>
   Шерсть
  </material>
  <price>
   733970
  </price>
  <rating>
   1.62
  </rating>
  <reviews>
   433627
  </reviews>
  <new>
   +
  </new>
  <exclusive>
   no
  </exclusive>
  <sporty>
   yes
  </sporty>
 </clothing>
 <clothing>
  <id>
   213438282
  </id>
  <name>
   Ellesse Gloves R-6820
  </name>
  <category>
   Gloves
  </category>
  <size>
   M
  </size>
  <color>
   Оранжевый
  </color>
  <material>
   Кожа
  </material>
  <price>
   777981
  </price>
  <rating>
   2.62
  </rating>
  <reviews>
   458996
  </reviews>
  <exclusive>
   yes
  </exclusive>
  <sporty>
   no
  </sporty>
 </clothing>
 <clothing>
  <id>
   286391595
  </id>
  <name>
   DC Pants I-5068
  </name>
  <category>
   Pants
  </category>
  <size>
   L
  </size>
  <color>
   Оранжевый
  </color>
  <material>
   Нейлон
  </material>
  <price>
   659394
  </price>
  <rating>
   2.17
  </rating>
  <reviews>
   342129
  </reviews>
  <new>
   +
  </new>
  <exclusive>
   no
  </exclusive>
  <sporty>
   yes
  </sporty>
 </clothing>
 <clothing>
  <id>
   309458484
  </id>
  <name>
   Vans Socks H-6859
  </name>
  <category>
   Socks
  </category>
  <size>
   S
  </size>
  <color>
   Красный
  </color>
  <material>
   Лен
  </material>
  <price>
   355494
  </price>
  <rating>
   4.81
  </rating>
  <reviews>
   760070
  </reviews>
  <exclusive>
   no
  </exclusive>
  <sporty>
   no
  </sporty>
 </clothing>
</clothing-items>
