<?xml version="1.0" encoding="utf-8"?>
<clothing-items>
 <clothing>
  <id>
   828291182
  </id>
  <name>
   Asics Sweater F-2765
  </name>
  <category>
   Sweater
  </category>
  <size>
   S
  </size>
  <color>
   Красный
  </color>
  <material>
   Кожа
  </material>
  <price>
   284094
  </price>
  <rating>
   2.36
  </rating>
  <reviews>
   242721
  </reviews>
  <new>
   +
  </new>
  <sporty>
   no
  </sporty>
 </clothing>
 <clothing>
  <id>
   149698127
  </id>
  <name>
   DC T-shirt F-6102
  </name>
  <category>
   T-shirt
  </category>
  <size>
   M
  </size>
  <color>
   Зеленый
  </color>
  <material>
   Хлопок
  </material>
  <price>
   831821
  </price>
  <rating>
   1.23
  </rating>
  <reviews>
   875935
  </reviews>
  <exclusive>
   yes
  </exclusive>
  <sporty>
   yes
  </sporty>
 </clothing>
 <clothing>
  <id>
   883942294
  </id>
  <name>
   Reebok Shirt E-8486
  </name>
  <category>
   Shirt
  </category>
  <size>
   L
  </size>
  <color>
   Зеленый
  </color>
  <material>
   Вискоза
  </material>
  <price>
   959439
  </price>
  <rating>
   1.02
  </rating>
  <reviews>
   362409
  </reviews>
  <exclusive>
   no
  </exclusive>
  <sporty>
   yes
  </sporty>
 </clothing>
 <clothing>
  <id>
   446111526
  </id>
  <name>
   Puma Shoes C-4137
  </name>
  <category>
   Shoes
  </category>
  <size>
   L
  </size>
  <color>
   Голубой
  </color>
  <material>
   Хлопок
  </material>
  <price>
   716252
  </price>
  <rating>
   4.55
  </rating>
  <reviews>
   259508
  </reviews>
  <exclusive>
   no
  </exclusive>
 </clothing>
 <clothing>
  <id>
   205269535
  </id>
  <name>
   Addidas Dress P-3531
  </name>
  <category>
   Dress
  </category>
  <size>
   XXL
  </size>
  <color>
   Оранжевый
  </color>
  <material>
   Шелк
  </material>
  <price>
   627513
  </price>
  <rating>
   3.49
  </rating>
  <reviews>
   966872
  </reviews>
  <exclusive>
   yes
  </exclusive>
  <sporty>
   no
  </sporty>
 </clothing>
 <clothing>
  <id>
   278776589
  </id>
  <name>
   New Balance Gloves L-7696
  </name>
  <category>
   Gloves
  </category>
  <size>
   XXL
  </size>
  <color>
   Красный
  </color>
  <material>
   Нейлон
  </material>
  <price>
   999215
  </price>
  <rating>
   1.0
  </rating>
  <reviews>
   496730
  </reviews>
  <sporty>
   no
  </sporty>
 </clothing>
 <clothing>
  <id>
   184199617
  </id>
  <name>
   Fila Gloves L-3400
  </name>
  <category>
   Gloves
  </category>
  <size>
   XL
  </size>
  <color>
   Желтый
  </color>
  <material>
   Хлопок
  </material>
  <price>
   672659
  </price>
  <rating>
   4.59
  </rating>
  <reviews>
   161189
  </reviews>
  <new>
   -
  </new>
  <exclusive>
   yes
  </exclusive>
  <sporty>
   no
  </sporty>
 </clothing>
 <clothing>
  <id>
   392615628
  </id>
  <name>
   Fila Jacket G-8617
  </name>
  <category>
   Jacket
  </category>
  <size>
   XL
  </size>
  <color>
   Желтый
  </color>
  <material>
   Лен
  </material>
  <price>
   656739
  </price>
  <rating>
   4.48
  </rating>
  <reviews>
   206262
  </reviews>
  <new>
   -
  </new>
  <exclusive>
   yes
  </exclusive>
 </clothing>
 <clothing>
  <id>
   751653221
  </id>
  <name>
   Lacoste Hat P-8192
  </name>
  <category>
   Hat
  </category>
  <size>
   XL
  </size>
  <color>
   Синий
  </color>
  <material>
   Шерсть
  </material>
  <price>
   984213
  </price>
  <rating>
   2.21
  </rating>
  <reviews>
   865263
  </reviews>
  <exclusive>
   yes
  </exclusive>
  <sporty>
   no
  </sporty>
 </clothing>
 <clothing>
  <id>
   653575303
  </id>
  <name>
   Reebok Jacket U-3727
  </name>
  <category>
   Jacket
  </category>
  <size>
   S
  </size>
  <color>
   Синий
  </color>
  <material>
   Кожа
  </material>
  <price>
   197047
  </price>
  <rating>
   2.9
  </rating>
  <reviews>
   293649
  </reviews>
  <sporty>
   yes
  </sporty>
 </clothing>
 <clothing>
  <id>
   761783130
  </id>
  <name>
   PleinSport Skirt Q-5206
  </name>
  <category>
   Skirt
  </category>
  <size>
   L
  </size>
  <color>
   Красный
  </color>
  <material>
   Вискоза
  </material>
  <price>
   940404
  </price>
  <rating>
   2.16
  </rating>
  <reviews>
   515797
  </reviews>
  <new>
   -
  </new>
  <sporty>
   yes
  </sporty>
 </clothing>
 <clothing>
  <id>
   597376543
  </id>
  <name>
   Ellesse Sweater N-2347
  </name>
  <category>
   Sweater
  </category>
  <size>
   S
  </size>
  <color>
   Оранжевый
  </color>
  <material>
   Шелк
  </material>
  <price>
   812400
  </price>
  <rating>
   3.18
  </rating>
  <reviews>
   468719
  </reviews>
  <new>
   -
  </new>
  <exclusive>
   no
  </exclusive>
  <sporty>
   no
  </sporty>
 </clothing>
 <clothing>
  <id>
   125115909
  </id>
  <name>
   Nike Gloves P-8676
  </name>
  <category>
   Gloves
  </category>
  <size>
   S
  </size>
  <color>
   Оранжевый
  </color>
  <material>
   Кожа
  </material>
  <price>
   234066
  </price>
  <rating>
   3.46
  </rating>
  <reviews>
   494832
  </reviews>
  <new>
   +
  </new>
  <exclusive>
   no
  </exclusive>
  <sporty>
   no
  </sporty>
 </clothing>
</clothing-items>
