<?xml version="1.0" encoding="utf-8"?>
<clothing-items>
 <clothing>
  <id>
   385049439
  </id>
  <name>
   Nike Pants X-5203
  </name>
  <category>
   Pants
  </category>
  <size>
   S
  </size>
  <color>
   Голубой
  </color>
  <material>
   Шелк
  </material>
  <price>
   200286
  </price>
  <rating>
   4.93
  </rating>
  <reviews>
   224242
  </reviews>
  <exclusive>
   yes
  </exclusive>
  <sporty>
   yes
  </sporty>
 </clothing>
 <clothing>
  <id>
   285009351
  </id>
  <name>
   Under Armour Sweater X-3002
  </name>
  <category>
   Sweater
  </category>
  <size>
   XL
  </size>
  <color>
   Синий
  </color>
  <material>
   Шерсть
  </material>
  <price>
   157267
  </price>
  <rating>
   1.63
  </rating>
  <reviews>
   836854
  </reviews>
  <new>
   -
  </new>
  <exclusive>
   no
  </exclusive>
  <sporty>
   yes
  </sporty>
 </clothing>
 <clothing>
  <id>
   119231487
  </id>
  <name>
   Lacoste Jacket P-6534
  </name>
  <category>
   Jacket
  </category>
  <size>
   S
  </size>
  <color>
   Синий
  </color>
  <material>
   Шелк
  </material>
  <price>
   701247
  </price>
  <rating>
   2.65
  </rating>
  <reviews>
   751544
  </reviews>
  <new>
   -
  </new>
  <sporty>
   yes
  </sporty>
 </clothing>
 <clothing>
  <id>
   639241016
  </id>
  <name>
   Brooks Umbrellas R-3291
  </name>
  <category>
   Umbrellas
  </category>
  <size>
   XL
  </size>
  <color>
   Синий
  </color>
  <material>
   Нейлон
  </material>
  <price>
   537924
  </price>
  <rating>
   4.58
  </rating>
  <reviews>
   412103
  </reviews>
  <exclusive>
   yes
  </exclusive>
  <sporty>
   yes
  </sporty>
 </clothing>
 <clothing>
  <id>
   535169325
  </id>
  <name>
   New Balance Hat W-8520
  </name>
  <category>
   Hat
  </category>
  <size>
   L
  </size>
  <color>
   Фиолетовый
  </color>
  <material>
   Лен
  </material>
  <price>
   522597
  </price>
  <rating>
   4.12
  </rating>
  <reviews>
   962649
  </reviews>
  <new>
   -
  </new>
  <exclusive>
   no
  </exclusive>
  <sporty>
   yes
  </sporty>
 </clothing>
 <clothing>
  <id>
   739618169
  </id>
  <name>
   Nike Gloves B-7567
  </name>
  <category>
   Gloves
  </category>
  <size>
   L
  </size>
  <color>
   Зеленый
  </color>
  <material>
   Лен
  </material>
  <price>
   312876
  </price>
  <rating>
   3.01
  </rating>
  <reviews>
   702519
  </reviews>
  <new>
   +
  </new>
  <exclusive>
   yes
  </exclusive>
  <sporty>
   yes
  </sporty>
 </clothing>
 <clothing>
  <id>
   766419381
  </id>
  <name>
   Brooks Sweater Q-3442
  </name>
  <category>
   Sweater
  </category>
  <size>
   L
  </size>
  <color>
   Оранжевый
  </color>
  <material>
   Шерсть
  </material>
  <price>
   722610
  </price>
  <rating>
   2.34
  </rating>
  <reviews>
   743624
  </reviews>
  <new>
   -
  </new>
 </clothing>
 <clothing>
  <id>
   933522125
  </id>
  <name>
   Vans Umbrellas C-4169
  </name>
  <category>
   Umbrellas
  </category>
  <size>
   M
  </size>
  <color>
   Зеленый
  </color>
  <material>
   Кожа
  </material>
  <price>
   844296
  </price>
  <rating>
   1.93
  </rating>
  <reviews>
   725244
  </reviews>
 </clothing>
 <clothing>
  <id>
   970802753
  </id>
  <name>
   Converse Sweater X-3025
  </name>
  <category>
   Sweater
  </category>
  <size>
   S
  </size>
  <color>
   Желтый
  </color>
  <material>
   Шелк
  </material>
  <price>
   975000
  </price>
  <rating>
   2.2
  </rating>
  <reviews>
   691903
  </reviews>
  <sporty>
   no
  </sporty>
 </clothing>
 <clothing>
  <id>
   191041490
  </id>
  <name>
   Asics Handbags B-1584
  </name>
  <category>
   Handbags
  </category>
  <size>
   L
  </size>
  <color>
   Желтый
  </color>
  <material>
   Полиэстер
  </material>
  <price>
   341046
  </price>
  <rating>
   1.4
  </rating>
  <reviews>
   719484
  </reviews>
  <new>
   +
  </new>
  <exclusive>
   no
  </exclusive>
  <sporty>
   yes
  </sporty>
 </clothing>
 <clothing>
  <id>
   247673775
  </id>
  <name>
   DC Skirt G-2695
  </name>
  <category>
   Skirt
  </category>
  <size>
   XL
  </size>
  <color>
   Зеленый
  </color>
  <material>
   Шелк
  </material>
  <price>
   779495
  </price>
  <rating>
   3.28
  </rating>
  <reviews>
   493760
  </reviews>
  <new>
   -
  </new>
 </clothing>
 <clothing>
  <id>
   453512624
  </id>
  <name>
   Reebok Jacket Z-7159
  </name>
  <category>
   Jacket
  </category>
  <size>
   S
  </size>
  <color>
   Красный
  </color>
  <material>
   Шелк
  </material>
  <price>
   149057
  </price>
  <rating>
   3.07
  </rating>
  <reviews>
   861623
  </reviews>
  <new>
   +
  </new>
  <exclusive>
   yes
  </exclusive>
  <sporty>
   yes
  </sporty>
 </clothing>
 <clothing>
  <id>
   522974743
  </id>
  <name>
   DC Hat Y-4388
  </name>
  <category>
   Hat
  </category>
  <size>
   S
  </size>
  <color>
   Красный
  </color>
  <material>
   Лен
  </material>
  <price>
   911072
  </price>
  <rating>
   2.41
  </rating>
  <reviews>
   804692
  </reviews>
  <new>
   +
  </new>
  <exclusive>
   no
  </exclusive>
  <sporty>
   yes
  </sporty>
 </clothing>
 <clothing>
  <id>
   737335290
  </id>
  <name>
   DC Hat D-3998
  </name>
  <category>
   Hat
  </category>
  <size>
   M
  </size>
  <color>
   Голубой
  </color>
  <material>
   Шелк
  </material>
  <price>
   583685
  </price>
  <rating>
   1.22
  </rating>
  <reviews>
   82109
  </reviews>
 </clothing>
 <clothing>
  <id>
   474431733
  </id>
  <name>
   Nike Skirt G-2902
  </name>
  <category>
   Skirt
  </category>
  <size>
   XXL
  </size>
  <color>
   Фиолетовый
  </color>
  <material>
   Хлопок
  </material>
  <price>
   292741
  </price>
  <rating>
   3.73
  </rating>
  <reviews>
   669178
  </reviews>
  <exclusive>
   yes
  </exclusive>
  <sporty>
   yes
  </sporty>
 </clothing>
 <clothing>
  <id>
   697664938
  </id>
  <name>
   DC Handbags U-6746
  </name>
  <category>
   Handbags
  </category>
  <size>
   S
  </size>
  <color>
   Голубой
  </color>
  <material>
   Вискоза
  </material>
  <price>
   369318
  </price>
  <rating>
   4.3
  </rating>
  <reviews>
   452366
  </reviews>
  <new>
   -
  </new>
 </clothing>
 <clothing>
  <id>
   392597265
  </id>
  <name>
   Addidas T-shirt K-9080
  </name>
  <category>
   T-shirt
  </category>
  <size>
   S
  </size>
  <color>
   Желтый
  </color>
  <material>
   Нейлон
  </material>
  <price>
   825449
  </price>
  <rating>
   1.45
  </rating>
  <reviews>
   467080
  </reviews>
  <new>
   -
  </new>
  <exclusive>
   no
  </exclusive>
 </clothing>
 <clothing>
  <id>
   531460946
  </id>
  <name>
   Fila Belts E-9190
  </name>
  <category>
   Belts
  </category>
  <size>
   XXL
  </size>
  <color>
   Желтый
  </color>
  <material>
   Кожа
  </material>
  <price>
   154861
  </price>
  <rating>
   1.21
  </rating>
  <reviews>
   994527
  </reviews>
  <new>
   -
  </new>
  <exclusive>
   yes
  </exclusive>
  <sporty>
   yes
  </sporty>
 </clothing>
 <clothing>
  <id>
   608457350
  </id>
  <name>
   Converse Handbags V-7467
  </name>
  <category>
   Handbags
  </category>
  <size>
   XXL
  </size>
  <color>
   Оранжевый
  </color>
  <material>
   Вискоза
  </material>
  <price>
   546964
  </price>
  <rating>
   2.11
  </rating>
  <reviews>
   454933
  </reviews>
  <new>
   -
  </new>
  <exclusive>
   no
  </exclusive>
 </clothing>
 <clothing>
  <id>
   166346959
  </id>
  <name>
   Asics Socks V-1784
  </name>
  <category>
   Socks
  </category>
  <size>
   XXL
  </size>
  <color>
   Желтый
  </color>
  <material>
   Шелк
  </material>
  <price>
   945841
  </price>
  <rating>
   1.35
  </rating>
  <reviews>
   73225
  </reviews>
  <new>
   -
  </new>
  <exclusive>
   no
  </exclusive>
 </clothing>
 <clothing>
  <id>
   649826473
  </id>
  <name>
   Adidas T-shirt F-3643
  </name>
  <category>
   T-shirt
  </category>
  <size>
   S
  </size>
  <color>
   Синий
  </color>
  <material>
   Кожа
  </material>
  <price>
   584899
  </price>
  <rating>
   3.78
  </rating>
  <reviews>
   930559
  </reviews>
  <new>
   +
  </new>
  <exclusive>
   no
  </exclusive>
  <sporty>
   no
  </sporty>
 </clothing>
 <clothing>
  <id>
   605662928
  </id>
  <name>
   Fila Skirt M-8519
  </name>
  <category>
   Skirt
  </category>
  <size>
   L
  </size>
  <color>
   Голубой
  </color>
  <material>
   Шелк
  </material>
  <price>
   561988
  </price>
  <rating>
   3.92
  </rating>
  <reviews>
   912136
  </reviews>
  <new>
   +
  </new>
 </clothing>
 <clothing>
  <id>
   640332452
  </id>
  <name>
   Asics Skirt Z-7518
  </name>
  <category>
   Skirt
  </category>
  <size>
   M
  </size>
  <color>
   Красный
  </color>
  <material>
   Шелк
  </material>
  <price>
   945009
  </price>
  <rating>
   2.3
  </rating>
  <reviews>
   344799
  </reviews>
  <new>
   +
  </new>
  <exclusive>
   yes
  </exclusive>
  <sporty>
   yes
  </sporty>
 </clothing>
 <clothing>
  <id>
   870147717
  </id>
  <name>
   Adidas Pants N-3261
  </name>
  <category>
   Pants
  </category>
  <size>
   S
  </size>
  <color>
   Голубой
  </color>
  <material>
   Шелк
  </material>
  <price>
   712514
  </price>
  <rating>
   4.03
  </rating>
  <reviews>
   995713
  </reviews>
  <sporty>
   no
  </sporty>
 </clothing>
</clothing-items>
