<?xml version="1.0" encoding="utf-8"?>
<clothing-items>
 <clothing>
  <id>
   624505462
  </id>
  <name>
   Converse Dress Q-8225
  </name>
  <category>
   Dress
  </category>
  <size>
   S
  </size>
  <color>
   Желтый
  </color>
  <material>
   Лен
  </material>
  <price>
   630333
  </price>
  <rating>
   3.8
  </rating>
  <reviews>
   804338
  </reviews>
  <new>
   +
  </new>
  <exclusive>
   no
  </exclusive>
 </clothing>
 <clothing>
  <id>
   401604373
  </id>
  <name>
   Adidas Pants A-5448
  </name>
  <category>
   Pants
  </category>
  <size>
   L
  </size>
  <color>
   Синий
  </color>
  <material>
   Кожа
  </material>
  <price>
   128351
  </price>
  <rating>
   1.37
  </rating>
  <reviews>
   15300
  </reviews>
  <new>
   -
  </new>
  <exclusive>
   no
  </exclusive>
  <sporty>
   no
  </sporty>
 </clothing>
 <clothing>
  <id>
   834195052
  </id>
  <name>
   Asics Socks H-4175
  </name>
  <category>
   Socks
  </category>
  <size>
   XL
  </size>
  <color>
   Синий
  </color>
  <material>
   Хлопок
  </material>
  <price>
   358408
  </price>
  <rating>
   3.06
  </rating>
  <reviews>
   414145
  </reviews>
  <new>
   +
  </new>
  <sporty>
   no
  </sporty>
 </clothing>
 <clothing>
  <id>
   841603252
  </id>
  <name>
   DC Shoes M-8119
  </name>
  <category>
   Shoes
  </category>
  <size>
   L
  </size>
  <color>
   Синий
  </color>
  <material>
   Полиэстер
  </material>
  <price>
   465452
  </price>
  <rating>
   2.58
  </rating>
  <reviews>
   836989
  </reviews>
  <new>
   +
  </new>
  <exclusive>
   no
  </exclusive>
  <sporty>
   no
  </sporty>
 </clothing>
 <clothing>
  <id>
   664081653
  </id>
  <name>
   Under Armour Belts E-6239
  </name>
  <category>
   Belts
  </category>
  <size>
   M
  </size>
  <color>
   Оранжевый
  </color>
  <material>
   Полиэстер
  </material>
  <price>
   710069
  </price>
  <rating>
   1.58
  </rating>
  <reviews>
   7591
  </reviews>
  <new>
   -
  </new>
  <exclusive>
   no
  </exclusive>
  <sporty>
   yes
  </sporty>
 </clothing>
 <clothing>
  <id>
   378602764
  </id>
  <name>
   Reebok Handbags R-7137
  </name>
  <category>
   Handbags
  </category>
  <size>
   L
  </size>
  <color>
   Красный
  </color>
  <material>
   Хлопок
  </material>
  <price>
   166289
  </price>
  <rating>
   4.83
  </rating>
  <reviews>
   530395
  </reviews>
  <new>
   -
  </new>
 </clothing>
 <clothing>
  <id>
   456460323
  </id>
  <name>
   Converse Sweater N-2179
  </name>
  <category>
   Sweater
  </category>
  <size>
   M
  </size>
  <color>
   Синий
  </color>
  <material>
   Шелк
  </material>
  <price>
   515745
  </price>
  <rating>
   3.29
  </rating>
  <reviews>
   349663
  </reviews>
  <new>
   -
  </new>
  <exclusive>
   yes
  </exclusive>
 </clothing>
 <clothing>
  <id>
   964383681
  </id>
  <name>
   Puma Jacket H-2319
  </name>
  <category>
   Jacket
  </category>
  <size>
   S
  </size>
  <color>
   Оранжевый
  </color>
  <material>
   Шерсть
  </material>
  <price>
   163696
  </price>
  <rating>
   2.19
  </rating>
  <reviews>
   789079
  </reviews>
  <exclusive>
   no
  </exclusive>
  <sporty>
   no
  </sporty>
 </clothing>
 <clothing>
  <id>
   397940344
  </id>
  <name>
   Nike Blouse B-9789
  </name>
  <category>
   Blouse
  </category>
  <size>
   L
  </size>
  <color>
   Оранжевый
  </color>
  <material>
   Хлопок
  </material>
  <price>
   395854
  </price>
  <rating>
   3.0
  </rating>
  <reviews>
   70062
  </reviews>
  <exclusive>
   no
  </exclusive>
 </clothing>
 <clothing>
  <id>
   994896602
  </id>
  <name>
   Lacoste Jacket Y-4845
  </name>
  <category>
   Jacket
  </category>
  <size>
   L
  </size>
  <color>
   Синий
  </color>
  <material>
   Нейлон
  </material>
  <price>
   505976
  </price>
  <rating>
   3.8
  </rating>
  <reviews>
   433389
  </reviews>
  <exclusive>
   yes
  </exclusive>
  <sporty>
   no
  </sporty>
 </clothing>
 <clothing>
  <id>
   853036579
  </id>
  <name>
   Puma Hat N-7081
  </name>
  <category>
   Hat
  </category>
  <size>
   XXL
  </size>
  <color>
   Оранжевый
  </color>
  <material>
   Кожа
  </material>
  <price>
   375003
  </price>
  <rating>
   4.08
  </rating>
  <reviews>
   943436
  </reviews>
  <new>
   -
  </new>
 </clothing>
 <clothing>
  <id>
   522219684
  </id>
  <name>
   Reebok Skirt U-1092
  </name>
  <category>
   Skirt
  </category>
  <size>
   S
  </size>
  <color>
   Оранжевый
  </color>
  <material>
   Шелк
  </material>
  <price>
   802449
  </price>
  <rating>
   4.51
  </rating>
  <reviews>
   509537
  </reviews>
  <exclusive>
   yes
  </exclusive>
 </clothing>
 <clothing>
  <id>
   360890533
  </id>
  <name>
   Ellesse Hat S-1302
  </name>
  <category>
   Hat
  </category>
  <size>
   XXL
  </size>
  <color>
   Красный
  </color>
  <material>
   Лен
  </material>
  <price>
   661101
  </price>
  <rating>
   4.1
  </rating>
  <reviews>
   943067
  </reviews>
  <sporty>
   no
  </sporty>
 </clothing>
 <clothing>
  <id>
   151302387
  </id>
  <name>
   Adidas Sweater J-4606
  </name>
  <category>
   Sweater
  </category>
  <size>
   XXL
  </size>
  <color>
   Зеленый
  </color>
  <material>
   Вискоза
  </material>
  <price>
   811995
  </price>
  <rating>
   1.33
  </rating>
  <reviews>
   134872
  </reviews>
  <new>
   -
  </new>
  <exclusive>
   no
  </exclusive>
  <sporty>
   no
  </sporty>
 </clothing>
 <clothing>
  <id>
   990470786
  </id>
  <name>
   PleinSport Jacket L-6894
  </name>
  <category>
   Jacket
  </category>
  <size>
   XXL
  </size>
  <color>
   Голубой
  </color>
  <material>
   Вискоза
  </material>
  <price>
   122179
  </price>
  <rating>
   3.76
  </rating>
  <reviews>
   705875
  </reviews>
  <new>
   -
  </new>
  <exclusive>
   yes
  </exclusive>
 </clothing>
 <clothing>
  <id>
   184893247
  </id>
  <name>
   New Balance Blouse B-1676
  </name>
  <category>
   Blouse
  </category>
  <size>
   S
  </size>
  <color>
   Оранжевый
  </color>
  <material>
   Вискоза
  </material>
  <price>
   819366
  </price>
  <rating>
   4.26
  </rating>
  <reviews>
   504190
  </reviews>
  <sporty>
   yes
  </sporty>
 </clothing>
</clothing-items>
