<?xml version="1.0" encoding="utf-8"?>
<clothing-items>
 <clothing>
  <id>
   852406106
  </id>
  <name>
   New Balance Sweater R-7489
  </name>
  <category>
   Sweater
  </category>
  <size>
   S
  </size>
  <color>
   Зеленый
  </color>
  <material>
   Полиэстер
  </material>
  <price>
   357934
  </price>
  <rating>
   1.79
  </rating>
  <reviews>
   872588
  </reviews>
  <exclusive>
   yes
  </exclusive>
  <sporty>
   no
  </sporty>
 </clothing>
 <clothing>
  <id>
   403689711
  </id>
  <name>
   Under Armour Blouse N-1058
  </name>
  <category>
   Blouse
  </category>
  <size>
   XXL
  </size>
  <color>
   Желтый
  </color>
  <material>
   Нейлон
  </material>
  <price>
   639393
  </price>
  <rating>
   1.8
  </rating>
  <reviews>
   691476
  </reviews>
  <new>
   +
  </new>
 </clothing>
 <clothing>
  <id>
   978717864
  </id>
  <name>
   Ellesse Blouse B-2254
  </name>
  <category>
   Blouse
  </category>
  <size>
   M
  </size>
  <color>
   Желтый
  </color>
  <material>
   Нейлон
  </material>
  <price>
   876636
  </price>
  <rating>
   4.11
  </rating>
  <reviews>
   808083
  </reviews>
  <new>
   -
  </new>
  <exclusive>
   no
  </exclusive>
  <sporty>
   no
  </sporty>
 </clothing>
 <clothing>
  <id>
   381507104
  </id>
  <name>
   Nike Sweater W-4456
  </name>
  <category>
   Sweater
  </category>
  <size>
   M
  </size>
  <color>
   Красный
  </color>
  <material>
   Шелк
  </material>
  <price>
   836931
  </price>
  <rating>
   1.73
  </rating>
  <reviews>
   245244
  </reviews>
  <sporty>
   no
  </sporty>
 </clothing>
 <clothing>
  <id>
   481770043
  </id>
  <name>
   PleinSport Skirt X-6707
  </name>
  <category>
   Skirt
  </category>
  <size>
   M
  </size>
  <color>
   Оранжевый
  </color>
  <material>
   Кожа
  </material>
  <price>
   524915
  </price>
  <rating>
   1.96
  </rating>
  <reviews>
   549117
  </reviews>
  <exclusive>
   no
  </exclusive>
  <sporty>
   no
  </sporty>
 </clothing>
 <clothing>
  <id>
   943730034
  </id>
  <name>
   Lacoste Belts U-8033
  </name>
  <category>
   Belts
  </category>
  <size>
   S
  </size>
  <color>
   Фиолетовый
  </color>
  <material>
   Шерсть
  </material>
  <price>
   527097
  </price>
  <rating>
   1.02
  </rating>
  <reviews>
   640852
  </reviews>
  <new>
   +
  </new>
 </clothing>
 <clothing>
  <id>
   192825049
  </id>
  <name>
   Puma Hat V-4934
  </name>
  <category>
   Hat
  </category>
  <size>
   XXL
  </size>
  <color>
   Зеленый
  </color>
  <material>
   Лен
  </material>
  <price>
   499414
  </price>
  <rating>
   1.11
  </rating>
  <reviews>
   724499
  </reviews>
  <exclusive>
   no
  </exclusive>
 </clothing>
 <clothing>
  <id>
   223379374
  </id>
  <name>
   New Balance Skirt A-9787
  </name>
  <category>
   Skirt
  </category>
  <size>
   M
  </size>
  <color>
   Фиолетовый
  </color>
  <material>
   Шерсть
  </material>
  <price>
   828701
  </price>
  <rating>
   4.05
  </rating>
  <reviews>
   911368
  </reviews>
  <exclusive>
   no
  </exclusive>
 </clothing>
 <clothing>
  <id>
   192144906
  </id>
  <name>
   Brooks Umbrellas J-6504
  </name>
  <category>
   Umbrellas
  </category>
  <size>
   XL
  </size>
  <color>
   Желтый
  </color>
  <material>
   Лен
  </material>
  <price>
   453028
  </price>
  <rating>
   2.07
  </rating>
  <reviews>
   961023
  </reviews>
  <new>
   +
  </new>
 </clothing>
 <clothing>
  <id>
   641780078
  </id>
  <name>
   Nike Shirt E-8598
  </name>
  <category>
   Shirt
  </category>
  <size>
   M
  </size>
  <color>
   Голубой
  </color>
  <material>
   Шелк
  </material>
  <price>
   963874
  </price>
  <rating>
   3.89
  </rating>
  <reviews>
   239535
  </reviews>
  <new>
   -
  </new>
 </clothing>
 <clothing>
  <id>
   131224459
  </id>
  <name>
   Lacoste Skirt Y-6252
  </name>
  <category>
   Skirt
  </category>
  <size>
   S
  </size>
  <color>
   Оранжевый
  </color>
  <material>
   Нейлон
  </material>
  <price>
   268646
  </price>
  <rating>
   4.58
  </rating>
  <reviews>
   346417
  </reviews>
  <exclusive>
   no
  </exclusive>
 </clothing>
 <clothing>
  <id>
   560877602
  </id>
  <name>
   Adidas Dress Y-8263
  </name>
  <category>
   Dress
  </category>
  <size>
   XL
  </size>
  <color>
   Голубой
  </color>
  <material>
   Хлопок
  </material>
  <price>
   869379
  </price>
  <rating>
   2.68
  </rating>
  <reviews>
   760120
  </reviews>
  <new>
   -
  </new>
  <sporty>
   no
  </sporty>
 </clothing>
 <clothing>
  <id>
   850486421
  </id>
  <name>
   Adidas Shoes W-4994
  </name>
  <category>
   Shoes
  </category>
  <size>
   S
  </size>
  <color>
   Желтый
  </color>
  <material>
   Шерсть
  </material>
  <price>
   657730
  </price>
  <rating>
   4.5
  </rating>
  <reviews>
   848633
  </reviews>
  <new>
   +
  </new>
 </clothing>
 <clothing>
  <id>
   471312374
  </id>
  <name>
   Asics Shoes Q-3167
  </name>
  <category>
   Shoes
  </category>
  <size>
   XL
  </size>
  <color>
   Оранжевый
  </color>
  <material>
   Нейлон
  </material>
  <price>
   818678
  </price>
  <rating>
   4.96
  </rating>
  <reviews>
   447095
  </reviews>
  <new>
   +
  </new>
  <exclusive>
   no
  </exclusive>
  <sporty>
   yes
  </sporty>
 </clothing>
 <clothing>
  <id>
   614719403
  </id>
  <name>
   Ellesse Gloves F-1830
  </name>
  <category>
   Gloves
  </category>
  <size>
   S
  </size>
  <color>
   Красный
  </color>
  <material>
   Кожа
  </material>
  <price>
   596427
  </price>
  <rating>
   1.21
  </rating>
  <reviews>
   507931
  </reviews>
  <new>
   -
  </new>
  <exclusive>
   no
  </exclusive>
 </clothing>
 <clothing>
  <id>
   995240635
  </id>
  <name>
   Ellesse Pants V-1140
  </name>
  <category>
   Pants
  </category>
  <size>
   XXL
  </size>
  <color>
   Желтый
  </color>
  <material>
   Кожа
  </material>
  <price>
   582694
  </price>
  <rating>
   1.82
  </rating>
  <reviews>
   25397
  </reviews>
  <new>
   +
  </new>
  <sporty>
   no
  </sporty>
 </clothing>
 <clothing>
  <id>
   510901665
  </id>
  <name>
   New Balance Belts N-3314
  </name>
  <category>
   Belts
  </category>
  <size>
   XXL
  </size>
  <color>
   Зеленый
  </color>
  <material>
   Полиэстер
  </material>
  <price>
   670246
  </price>
  <rating>
   1.21
  </rating>
  <reviews>
   49784
  </reviews>
  <new>
   +
  </new>
  <exclusive>
   yes
  </exclusive>
  <sporty>
   no
  </sporty>
 </clothing>
 <clothing>
  <id>
   939062251
  </id>
  <name>
   PleinSport Skirt D-7393
  </name>
  <category>
   Skirt
  </category>
  <size>
   XL
  </size>
  <color>
   Синий
  </color>
  <material>
   Полиэстер
  </material>
  <price>
   301006
  </price>
  <rating>
   2.54
  </rating>
  <reviews>
   686269
  </reviews>
  <new>
   +
  </new>
 </clothing>
 <clothing>
  <id>
   659767480
  </id>
  <name>
   Under Armour Jacket G-2976
  </name>
  <category>
   Jacket
  </category>
  <size>
   XXL
  </size>
  <color>
   Желтый
  </color>
  <material>
   Вискоза
  </material>
  <price>
   742587
  </price>
  <rating>
   2.83
  </rating>
  <reviews>
   673902
  </reviews>
  <new>
   +
  </new>
  <exclusive>
   yes
  </exclusive>
  <sporty>
   yes
  </sporty>
 </clothing>
 <clothing>
  <id>
   171225501
  </id>
  <name>
   DC Handbags W-5143
  </name>
  <category>
   Handbags
  </category>
  <size>
   M
  </size>
  <color>
   Зеленый
  </color>
  <material>
   Полиэстер
  </material>
  <price>
   415806
  </price>
  <rating>
   4.84
  </rating>
  <reviews>
   698462
  </reviews>
  <new>
   +
  </new>
  <exclusive>
   no
  </exclusive>
  <sporty>
   no
  </sporty>
 </clothing>
 <clothing>
  <id>
   963489828
  </id>
  <name>
   New Balance Umbrellas D-8370
  </name>
  <category>
   Umbrellas
  </category>
  <size>
   M
  </size>
  <color>
   Красный
  </color>
  <material>
   Лен
  </material>
  <price>
   314716
  </price>
  <rating>
   2.58
  </rating>
  <reviews>
   937868
  </reviews>
  <new>
   -
  </new>
  <exclusive>
   yes
  </exclusive>
  <sporty>
   no
  </sporty>
 </clothing>
 <clothing>
  <id>
   150244165
  </id>
  <name>
   Addidas Handbags X-7784
  </name>
  <category>
   Handbags
  </category>
  <size>
   L
  </size>
  <color>
   Фиолетовый
  </color>
  <material>
   Полиэстер
  </material>
  <price>
   395456
  </price>
  <rating>
   3.38
  </rating>
  <reviews>
   455270
  </reviews>
  <exclusive>
   no
  </exclusive>
 </clothing>
 <clothing>
  <id>
   392871852
  </id>
  <name>
   Puma Pants X-3603
  </name>
  <category>
   Pants
  </category>
  <size>
   XL
  </size>
  <color>
   Желтый
  </color>
  <material>
   Вискоза
  </material>
  <price>
   626162
  </price>
  <rating>
   4.2
  </rating>
  <reviews>
   736806
  </reviews>
  <new>
   +
  </new>
  <exclusive>
   no
  </exclusive>
  <sporty>
   yes
  </sporty>
 </clothing>
 <clothing>
  <id>
   259681774
  </id>
  <name>
   DC Shirt L-4185
  </name>
  <category>
   Shirt
  </category>
  <size>
   M
  </size>
  <color>
   Оранжевый
  </color>
  <material>
   Шелк
  </material>
  <price>
   340631
  </price>
  <rating>
   2.15
  </rating>
  <reviews>
   562977
  </reviews>
  <new>
   +
  </new>
  <sporty>
   no
  </sporty>
 </clothing>
 <clothing>
  <id>
   977257690
  </id>
  <name>
   Vans Skirt O-7583
  </name>
  <category>
   Skirt
  </category>
  <size>
   L
  </size>
  <color>
   Зеленый
  </color>
  <material>
   Нейлон
  </material>
  <price>
   985516
  </price>
  <rating>
   3.86
  </rating>
  <reviews>
   337048
  </reviews>
  <new>
   +
  </new>
 </clothing>
 <clothing>
  <id>
   889001240
  </id>
  <name>
   Adidas T-shirt Q-1762
  </name>
  <category>
   T-shirt
  </category>
  <size>
   L
  </size>
  <color>
   Синий
  </color>
  <material>
   Шелк
  </material>
  <price>
   735839
  </price>
  <rating>
   1.13
  </rating>
  <reviews>
   659597
  </reviews>
  <new>
   -
  </new>
  <sporty>
   no
  </sporty>
 </clothing>
 <clothing>
  <id>
   557499424
  </id>
  <name>
   New Balance Shoes T-5725
  </name>
  <category>
   Shoes
  </category>
  <size>
   S
  </size>
  <color>
   Зеленый
  </color>
  <material>
   Шелк
  </material>
  <price>
   933998
  </price>
  <rating>
   2.69
  </rating>
  <reviews>
   903986
  </reviews>
  <new>
   -
  </new>
  <exclusive>
   yes
  </exclusive>
 </clothing>
 <clothing>
  <id>
   578582416
  </id>
  <name>
   Ellesse Hat N-9748
  </name>
  <category>
   Hat
  </category>
  <size>
   S
  </size>
  <color>
   Фиолетовый
  </color>
  <material>
   Кожа
  </material>
  <price>
   313866
  </price>
  <rating>
   1.05
  </rating>
  <reviews>
   197996
  </reviews>
  <exclusive>
   yes
  </exclusive>
 </clothing>
 <clothing>
  <id>
   564957416
  </id>
  <name>
   Addidas Handbags I-2904
  </name>
  <category>
   Handbags
  </category>
  <size>
   L
  </size>
  <color>
   Красный
  </color>
  <material>
   Нейлон
  </material>
  <price>
   349906
  </price>
  <rating>
   4.09
  </rating>
  <reviews>
   981846
  </reviews>
  <new>
   -
  </new>
  <sporty>
   no
  </sporty>
 </clothing>
 <clothing>
  <id>
   745310435
  </id>
  <name>
   Fila Handbags N-3537
  </name>
  <category>
   Handbags
  </category>
  <size>
   L
  </size>
  <color>
   Желтый
  </color>
  <material>
   Нейлон
  </material>
  <price>
   585576
  </price>
  <rating>
   3.38
  </rating>
  <reviews>
   748716
  </reviews>
  <exclusive>
   no
  </exclusive>
  <sporty>
   yes
  </sporty>
 </clothing>
 <clothing>
  <id>
   451647000
  </id>
  <name>
   Reebok Gloves O-4445
  </name>
  <category>
   Gloves
  </category>
  <size>
   XL
  </size>
  <color>
   Синий
  </color>
  <material>
   Кожа
  </material>
  <price>
   702068
  </price>
  <rating>
   2.98
  </rating>
  <reviews>
   890132
  </reviews>
  <new>
   +
  </new>
  <exclusive>
   no
  </exclusive>
  <sporty>
   no
  </sporty>
 </clothing>
 <clothing>
  <id>
   878701730
  </id>
  <name>
   Ellesse Handbags J-1546
  </name>
  <category>
   Handbags
  </category>
  <size>
   S
  </size>
  <color>
   Оранжевый
  </color>
  <material>
   Шерсть
  </material>
  <price>
   974804
  </price>
  <rating>
   2.37
  </rating>
  <reviews>
   601724
  </reviews>
  <new>
   -
  </new>
  <exclusive>
   no
  </exclusive>
  <sporty>
   no
  </sporty>
 </clothing>
 <clothing>
  <id>
   963773865
  </id>
  <name>
   Brooks Umbrellas I-8004
  </name>
  <category>
   Umbrellas
  </category>
  <size>
   L
  </size>
  <color>
   Фиолетовый
  </color>
  <material>
   Лен
  </material>
  <price>
   994467
  </price>
  <rating>
   4.12
  </rating>
  <reviews>
   892618
  </reviews>
  <exclusive>
   yes
  </exclusive>
 </clothing>
 <clothing>
  <id>
   943268416
  </id>
  <name>
   Asics T-shirt F-4659
  </name>
  <category>
   T-shirt
  </category>
  <size>
   XXL
  </size>
  <color>
   Синий
  </color>
  <material>
   Шерсть
  </material>
  <price>
   651008
  </price>
  <rating>
   3.01
  </rating>
  <reviews>
   942289
  </reviews>
 </clothing>
 <clothing>
  <id>
   340391003
  </id>
  <name>
   New Balance Handbags B-1671
  </name>
  <category>
   Handbags
  </category>
  <size>
   XL
  </size>
  <color>
   Желтый
  </color>
  <material>
   Лен
  </material>
  <price>
   258672
  </price>
  <rating>
   2.1
  </rating>
  <reviews>
   637650
  </reviews>
  <new>
   -
  </new>
  <exclusive>
   yes
  </exclusive>
 </clothing>
</clothing-items>
