<?xml version="1.0" encoding="utf-8"?>
<clothing-items>
 <clothing>
  <id>
   402555694
  </id>
  <name>
   Under Armour Skirt N-6699
  </name>
  <category>
   Skirt
  </category>
  <size>
   M
  </size>
  <color>
   Красный
  </color>
  <material>
   Полиэстер
  </material>
  <price>
   307514
  </price>
  <rating>
   1.49
  </rating>
  <reviews>
   13346
  </reviews>
  <new>
   -
  </new>
  <sporty>
   no
  </sporty>
 </clothing>
 <clothing>
  <id>
   361963828
  </id>
  <name>
   Asics Jeans C-6654
  </name>
  <category>
   Jeans
  </category>
  <size>
   S
  </size>
  <color>
   Зеленый
  </color>
  <material>
   Нейлон
  </material>
  <price>
   190683
  </price>
  <rating>
   3.53
  </rating>
  <reviews>
   947429
  </reviews>
  <new>
   +
  </new>
  <exclusive>
   yes
  </exclusive>
  <sporty>
   yes
  </sporty>
 </clothing>
 <clothing>
  <id>
   340379813
  </id>
  <name>
   Asics Jeans O-3122
  </name>
  <category>
   Jeans
  </category>
  <size>
   M
  </size>
  <color>
   Фиолетовый
  </color>
  <material>
   Шелк
  </material>
  <price>
   985788
  </price>
  <rating>
   3.58
  </rating>
  <reviews>
   16348
  </reviews>
  <new>
   -
  </new>
  <sporty>
   yes
  </sporty>
 </clothing>
 <clothing>
  <id>
   752501269
  </id>
  <name>
   Reebok Dress Q-4937
  </name>
  <category>
   Dress
  </category>
  <size>
   XXL
  </size>
  <color>
   Оранжевый
  </color>
  <material>
   Шелк
  </material>
  <price>
   317147
  </price>
  <rating>
   4.51
  </rating>
  <reviews>
   16333
  </reviews>
 </clothing>
 <clothing>
  <id>
   387112073
  </id>
  <name>
   Addidas Shoes X-6945
  </name>
  <category>
   Shoes
  </category>
  <size>
   M
  </size>
  <color>
   Красный
  </color>
  <material>
   Хлопок
  </material>
  <price>
   596105
  </price>
  <rating>
   5.0
  </rating>
  <reviews>
   592715
  </reviews>
  <exclusive>
   yes
  </exclusive>
 </clothing>
 <clothing>
  <id>
   116617107
  </id>
  <name>
   Brooks Blouse A-2763
  </name>
  <category>
   Blouse
  </category>
  <size>
   L
  </size>
  <color>
   Зеленый
  </color>
  <material>
   Шерсть
  </material>
  <price>
   701495
  </price>
  <rating>
   2.47
  </rating>
  <reviews>
   160504
  </reviews>
  <new>
   -
  </new>
  <sporty>
   no
  </sporty>
 </clothing>
 <clothing>
  <id>
   315700933
  </id>
  <name>
   Lacoste Hat Y-6486
  </name>
  <category>
   Hat
  </category>
  <size>
   M
  </size>
  <color>
   Синий
  </color>
  <material>
   Полиэстер
  </material>
  <price>
   177292
  </price>
  <rating>
   1.75
  </rating>
  <reviews>
   975413
  </reviews>
  <new>
   -
  </new>
  <exclusive>
   no
  </exclusive>
  <sporty>
   no
  </sporty>
 </clothing>
 <clothing>
  <id>
   380136063
  </id>
  <name>
   DC Skirt F-2285
  </name>
  <category>
   Skirt
  </category>
  <size>
   XXL
  </size>
  <color>
   Оранжевый
  </color>
  <material>
   Нейлон
  </material>
  <price>
   146821
  </price>
  <rating>
   3.95
  </rating>
  <reviews>
   667805
  </reviews>
  <new>
   -
  </new>
  <sporty>
   no
  </sporty>
 </clothing>
 <clothing>
  <id>
   278131043
  </id>
  <name>
   DC Pants P-1992
  </name>
  <category>
   Pants
  </category>
  <size>
   XXL
  </size>
  <color>
   Голубой
  </color>
  <material>
   Лен
  </material>
  <price>
   733243
  </price>
  <rating>
   2.55
  </rating>
  <reviews>
   423898
  </reviews>
  <new>
   +
  </new>
  <exclusive>
   yes
  </exclusive>
  <sporty>
   yes
  </sporty>
 </clothing>
 <clothing>
  <id>
   517161700
  </id>
  <name>
   Ellesse T-shirt P-5137
  </name>
  <category>
   T-shirt
  </category>
  <size>
   XXL
  </size>
  <color>
   Фиолетовый
  </color>
  <material>
   Нейлон
  </material>
  <price>
   558579
  </price>
  <rating>
   2.94
  </rating>
  <reviews>
   467938
  </reviews>
  <new>
   +
  </new>
  <sporty>
   yes
  </sporty>
 </clothing>
 <clothing>
  <id>
   935572125
  </id>
  <name>
   Fila Dress Q-4831
  </name>
  <category>
   Dress
  </category>
  <size>
   S
  </size>
  <color>
   Желтый
  </color>
  <material>
   Шелк
  </material>
  <price>
   609127
  </price>
  <rating>
   1.22
  </rating>
  <reviews>
   965914
  </reviews>
  <exclusive>
   yes
  </exclusive>
  <sporty>
   yes
  </sporty>
 </clothing>
 <clothing>
  <id>
   525991513
  </id>
  <name>
   Fila Jeans U-8160
  </name>
  <category>
   Jeans
  </category>
  <size>
   XL
  </size>
  <color>
   Зеленый
  </color>
  <material>
   Хлопок
  </material>
  <price>
   681847
  </price>
  <rating>
   1.22
  </rating>
  <reviews>
   665016
  </reviews>
  <new>
   -
  </new>
  <sporty>
   no
  </sporty>
 </clothing>
 <clothing>
  <id>
   395541413
  </id>
  <name>
   Ellesse Pants Q-2326
  </name>
  <category>
   Pants
  </category>
  <size>
   XL
  </size>
  <color>
   Фиолетовый
  </color>
  <material>
   Шерсть
  </material>
  <price>
   626578
  </price>
  <rating>
   4.33
  </rating>
  <reviews>
   345108
  </reviews>
  <sporty>
   no
  </sporty>
 </clothing>
 <clothing>
  <id>
   212650692
  </id>
  <name>
   Fila Jacket M-5864
  </name>
  <category>
   Jacket
  </category>
  <size>
   XXL
  </size>
  <color>
   Красный
  </color>
  <material>
   Шерсть
  </material>
  <price>
   101882
  </price>
  <rating>
   3.68
  </rating>
  <reviews>
   819093
  </reviews>
  <new>
   +
  </new>
  <exclusive>
   yes
  </exclusive>
  <sporty>
   no
  </sporty>
 </clothing>
 <clothing>
  <id>
   972915662
  </id>
  <name>
   Lacoste T-shirt I-3226
  </name>
  <category>
   T-shirt
  </category>
  <size>
   XXL
  </size>
  <color>
   Зеленый
  </color>
  <material>
   Хлопок
  </material>
  <price>
   899667
  </price>
  <rating>
   1.49
  </rating>
  <reviews>
   794367
  </reviews>
  <exclusive>
   no
  </exclusive>
 </clothing>
 <clothing>
  <id>
   692170905
  </id>
  <name>
   Under Armour Belts S-8612
  </name>
  <category>
   Belts
  </category>
  <size>
   S
  </size>
  <color>
   Зеленый
  </color>
  <material>
   Кожа
  </material>
  <price>
   145968
  </price>
  <rating>
   1.21
  </rating>
  <reviews>
   976323
  </reviews>
  <exclusive>
   no
  </exclusive>
 </clothing>
 <clothing>
  <id>
   407412420
  </id>
  <name>
   New Balance Handbags N-6885
  </name>
  <category>
   Handbags
  </category>
  <size>
   L
  </size>
  <color>
   Красный
  </color>
  <material>
   Нейлон
  </material>
  <price>
   797179
  </price>
  <rating>
   4.62
  </rating>
  <reviews>
   400789
  </reviews>
  <exclusive>
   no
  </exclusive>
 </clothing>
 <clothing>
  <id>
   725477207
  </id>
  <name>
   Addidas Umbrellas Z-4044
  </name>
  <category>
   Umbrellas
  </category>
  <size>
   S
  </size>
  <color>
   Красный
  </color>
  <material>
   Шелк
  </material>
  <price>
   342455
  </price>
  <rating>
   1.77
  </rating>
  <reviews>
   918186
  </reviews>
  <new>
   -
  </new>
  <sporty>
   no
  </sporty>
 </clothing>
 <clothing>
  <id>
   738990519
  </id>
  <name>
   Under Armour Jeans S-2104
  </name>
  <category>
   Jeans
  </category>
  <size>
   XXL
  </size>
  <color>
   Синий
  </color>
  <material>
   Нейлон
  </material>
  <price>
   651443
  </price>
  <rating>
   2.73
  </rating>
  <reviews>
   677804
  </reviews>
  <new>
   -
  </new>
  <exclusive>
   no
  </exclusive>
 </clothing>
 <clothing>
  <id>
   991524792
  </id>
  <name>
   New Balance Skirt R-1784
  </name>
  <category>
   Skirt
  </category>
  <size>
   L
  </size>
  <color>
   Голубой
  </color>
  <material>
   Шелк
  </material>
  <price>
   528159
  </price>
  <rating>
   2.29
  </rating>
  <reviews>
   25452
  </reviews>
  <new>
   -
  </new>
  <exclusive>
   no
  </exclusive>
 </clothing>
 <clothing>
  <id>
   722168128
  </id>
  <name>
   Lacoste Jeans Z-1116
  </name>
  <category>
   Jeans
  </category>
  <size>
   S
  </size>
  <color>
   Голубой
  </color>
  <material>
   Хлопок
  </material>
  <price>
   419441
  </price>
  <rating>
   3.06
  </rating>
  <reviews>
   579528
  </reviews>
  <new>
   +
  </new>
 </clothing>
 <clothing>
  <id>
   825901095
  </id>
  <name>
   DC Belts B-4333
  </name>
  <category>
   Belts
  </category>
  <size>
   XL
  </size>
  <color>
   Голубой
  </color>
  <material>
   Лен
  </material>
  <price>
   729656
  </price>
  <rating>
   4.49
  </rating>
  <reviews>
   129274
  </reviews>
  <sporty>
   no
  </sporty>
 </clothing>
 <clothing>
  <id>
   903299610
  </id>
  <name>
   Adidas Skirt L-4660
  </name>
  <category>
   Skirt
  </category>
  <size>
   L
  </size>
  <color>
   Голубой
  </color>
  <material>
   Лен
  </material>
  <price>
   947174
  </price>
  <rating>
   4.12
  </rating>
  <reviews>
   291300
  </reviews>
  <new>
   +
  </new>
  <exclusive>
   no
  </exclusive>
  <sporty>
   yes
  </sporty>
 </clothing>
 <clothing>
  <id>
   264187899
  </id>
  <name>
   Asics Hat L-7903
  </name>
  <category>
   Hat
  </category>
  <size>
   XXL
  </size>
  <color>
   Голубой
  </color>
  <material>
   Вискоза
  </material>
  <price>
   238306
  </price>
  <rating>
   1.78
  </rating>
  <reviews>
   556733
  </reviews>
  <exclusive>
   no
  </exclusive>
  <sporty>
   yes
  </sporty>
 </clothing>
 <clothing>
  <id>
   724293597
  </id>
  <name>
   Addidas Sweater N-9223
  </name>
  <category>
   Sweater
  </category>
  <size>
   S
  </size>
  <color>
   Зеленый
  </color>
  <material>
   Кожа
  </material>
  <price>
   608646
  </price>
  <rating>
   4.85
  </rating>
  <reviews>
   76655
  </reviews>
 </clothing>
 <clothing>
  <id>
   298203453
  </id>
  <name>
   Fila Jacket L-8944
  </name>
  <category>
   Jacket
  </category>
  <size>
   XL
  </size>
  <color>
   Фиолетовый
  </color>
  <material>
   Полиэстер
  </material>
  <price>
   129671
  </price>
  <rating>
   4.0
  </rating>
  <reviews>
   23035
  </reviews>
  <new>
   -
  </new>
  <exclusive>
   no
  </exclusive>
 </clothing>
 <clothing>
  <id>
   843807844
  </id>
  <name>
   Converse Jacket V-8997
  </name>
  <category>
   Jacket
  </category>
  <size>
   XXL
  </size>
  <color>
   Фиолетовый
  </color>
  <material>
   Шелк
  </material>
  <price>
   821766
  </price>
  <rating>
   2.36
  </rating>
  <reviews>
   427990
  </reviews>
  <sporty>
   no
  </sporty>
 </clothing>
 <clothing>
  <id>
   752140259
  </id>
  <name>
   Asics Jacket S-2992
  </name>
  <category>
   Jacket
  </category>
  <size>
   S
  </size>
  <color>
   Красный
  </color>
  <material>
   Шелк
  </material>
  <price>
   849533
  </price>
  <rating>
   1.44
  </rating>
  <reviews>
   166069
  </reviews>
  <new>
   +
  </new>
  <exclusive>
   no
  </exclusive>
  <sporty>
   no
  </sporty>
 </clothing>
 <clothing>
  <id>
   483479845
  </id>
  <name>
   Reebok Blouse I-4756
  </name>
  <category>
   Blouse
  </category>
  <size>
   L
  </size>
  <color>
   Синий
  </color>
  <material>
   Нейлон
  </material>
  <price>
   484767
  </price>
  <rating>
   3.89
  </rating>
  <reviews>
   20089
  </reviews>
  <new>
   -
  </new>
  <exclusive>
   no
  </exclusive>
  <sporty>
   yes
  </sporty>
 </clothing>
 <clothing>
  <id>
   501388681
  </id>
  <name>
   Adidas Handbags G-7149
  </name>
  <category>
   Handbags
  </category>
  <size>
   L
  </size>
  <color>
   Оранжевый
  </color>
  <material>
   Хлопок
  </material>
  <price>
   462827
  </price>
  <rating>
   1.5
  </rating>
  <reviews>
   669173
  </reviews>
  <exclusive>
   yes
  </exclusive>
  <sporty>
   no
  </sporty>
 </clothing>
 <clothing>
  <id>
   417698830
  </id>
  <name>
   New Balance Umbrellas R-6226
  </name>
  <category>
   Umbrellas
  </category>
  <size>
   XXL
  </size>
  <color>
   Голубой
  </color>
  <material>
   Хлопок
  </material>
  <price>
   757786
  </price>
  <rating>
   4.86
  </rating>
  <reviews>
   787967
  </reviews>
  <exclusive>
   no
  </exclusive>
  <sporty>
   no
  </sporty>
 </clothing>
 <clothing>
  <id>
   583365991
  </id>
  <name>
   Puma Umbrellas E-2903
  </name>
  <category>
   Umbrellas
  </category>
  <size>
   S
  </size>
  <color>
   Зеленый
  </color>
  <material>
   Вискоза
  </material>
  <price>
   374044
  </price>
  <rating>
   4.69
  </rating>
  <reviews>
   942484
  </reviews>
  <new>
   -
  </new>
 </clothing>
 <clothing>
  <id>
   610844495
  </id>
  <name>
   Nike Belts Q-1806
  </name>
  <category>
   Belts
  </category>
  <size>
   L
  </size>
  <color>
   Голубой
  </color>
  <material>
   Шелк
  </material>
  <price>
   686412
  </price>
  <rating>
   3.69
  </rating>
  <reviews>
   627566
  </reviews>
  <sporty>
   yes
  </sporty>
 </clothing>
 <clothing>
  <id>
   123842375
  </id>
  <name>
   DC Umbrellas F-2536
  </name>
  <category>
   Umbrellas
  </category>
  <size>
   L
  </size>
  <color>
   Фиолетовый
  </color>
  <material>
   Лен
  </material>
  <price>
   443899
  </price>
  <rating>
   3.57
  </rating>
  <reviews>
   346708
  </reviews>
  <new>
   -
  </new>
  <exclusive>
   yes
  </exclusive>
 </clothing>
 <clothing>
  <id>
   734569704
  </id>
  <name>
   Converse Handbags A-3049
  </name>
  <category>
   Handbags
  </category>
  <size>
   L
  </size>
  <color>
   Фиолетовый
  </color>
  <material>
   Кожа
  </material>
  <price>
   170215
  </price>
  <rating>
   1.13
  </rating>
  <reviews>
   995096
  </reviews>
  <exclusive>
   no
  </exclusive>
 </clothing>
 <clothing>
  <id>
   136335804
  </id>
  <name>
   Fila Socks Y-1566
  </name>
  <category>
   Socks
  </category>
  <size>
   S
  </size>
  <color>
   Желтый
  </color>
  <material>
   Полиэстер
  </material>
  <price>
   477375
  </price>
  <rating>
   3.91
  </rating>
  <reviews>
   392193
  </reviews>
  <new>
   +
  </new>
 </clothing>
 <clothing>
  <id>
   177404900
  </id>
  <name>
   Converse Skirt D-2388
  </name>
  <category>
   Skirt
  </category>
  <size>
   M
  </size>
  <color>
   Красный
  </color>
  <material>
   Лен
  </material>
  <price>
   576924
  </price>
  <rating>
   4.65
  </rating>
  <reviews>
   594146
  </reviews>
  <new>
   -
  </new>
  <sporty>
   no
  </sporty>
 </clothing>
 <clothing>
  <id>
   274287742
  </id>
  <name>
   Nike Hat S-7212
  </name>
  <category>
   Hat
  </category>
  <size>
   S
  </size>
  <color>
   Голубой
  </color>
  <material>
   Хлопок
  </material>
  <price>
   967499
  </price>
  <rating>
   1.75
  </rating>
  <reviews>
   745494
  </reviews>
  <exclusive>
   yes
  </exclusive>
  <sporty>
   no
  </sporty>
 </clothing>
</clothing-items>
