<?xml version="1.0" encoding="utf-8"?>
<clothing-items>
 <clothing>
  <id>
   173677269
  </id>
  <name>
   Converse Gloves B-9357
  </name>
  <category>
   Gloves
  </category>
  <size>
   L
  </size>
  <color>
   Голубой
  </color>
  <material>
   Нейлон
  </material>
  <price>
   123808
  </price>
  <rating>
   3.78
  </rating>
  <reviews>
   525978
  </reviews>
  <new>
   +
  </new>
  <exclusive>
   yes
  </exclusive>
  <sporty>
   no
  </sporty>
 </clothing>
 <clothing>
  <id>
   971721863
  </id>
  <name>
   Addidas Umbrellas F-7449
  </name>
  <category>
   Umbrellas
  </category>
  <size>
   S
  </size>
  <color>
   Синий
  </color>
  <material>
   Нейлон
  </material>
  <price>
   781665
  </price>
  <rating>
   4.14
  </rating>
  <reviews>
   16607
  </reviews>
  <new>
   +
  </new>
  <exclusive>
   yes
  </exclusive>
  <sporty>
   no
  </sporty>
 </clothing>
 <clothing>
  <id>
   143573834
  </id>
  <name>
   Fila Socks G-9674
  </name>
  <category>
   Socks
  </category>
  <size>
   M
  </size>
  <color>
   Зеленый
  </color>
  <material>
   Шерсть
  </material>
  <price>
   402849
  </price>
  <rating>
   3.03
  </rating>
  <reviews>
   267916
  </reviews>
  <new>
   -
  </new>
 </clothing>
 <clothing>
  <id>
   619892090
  </id>
  <name>
   Nike Shirt Q-2379
  </name>
  <category>
   Shirt
  </category>
  <size>
   S
  </size>
  <color>
   Желтый
  </color>
  <material>
   Полиэстер
  </material>
  <price>
   129924
  </price>
  <rating>
   3.85
  </rating>
  <reviews>
   399751
  </reviews>
  <new>
   +
  </new>
 </clothing>
 <clothing>
  <id>
   128776219
  </id>
  <name>
   Converse Shoes V-4540
  </name>
  <category>
   Shoes
  </category>
  <size>
   S
  </size>
  <color>
   Оранжевый
  </color>
  <material>
   Шерсть
  </material>
  <price>
   240909
  </price>
  <rating>
   1.59
  </rating>
  <reviews>
   170187
  </reviews>
  <sporty>
   yes
  </sporty>
 </clothing>
 <clothing>
  <id>
   773391621
  </id>
  <name>
   New Balance Gloves I-6144
  </name>
  <category>
   Gloves
  </category>
  <size>
   L
  </size>
  <color>
   Зеленый
  </color>
  <material>
   Лен
  </material>
  <price>
   289575
  </price>
  <rating>
   4.5
  </rating>
  <reviews>
   190831
  </reviews>
  <exclusive>
   no
  </exclusive>
  <sporty>
   no
  </sporty>
 </clothing>
 <clothing>
  <id>
   682705313
  </id>
  <name>
   Vans Jacket A-8583
  </name>
  <category>
   Jacket
  </category>
  <size>
   M
  </size>
  <color>
   Фиолетовый
  </color>
  <material>
   Кожа
  </material>
  <price>
   865971
  </price>
  <rating>
   4.78
  </rating>
  <reviews>
   430548
  </reviews>
  <new>
   -
  </new>
  <sporty>
   yes
  </sporty>
 </clothing>
 <clothing>
  <id>
   805175235
  </id>
  <name>
   Under Armour Blouse M-4587
  </name>
  <category>
   Blouse
  </category>
  <size>
   XXL
  </size>
  <color>
   Фиолетовый
  </color>
  <material>
   Вискоза
  </material>
  <price>
   430098
  </price>
  <rating>
   3.28
  </rating>
  <reviews>
   851035
  </reviews>
  <new>
   +
  </new>
  <exclusive>
   yes
  </exclusive>
 </clothing>
 <clothing>
  <id>
   639648706
  </id>
  <name>
   Brooks Shirt Q-2336
  </name>
  <category>
   Shirt
  </category>
  <size>
   S
  </size>
  <color>
   Желтый
  </color>
  <material>
   Вискоза
  </material>
  <price>
   948276
  </price>
  <rating>
   2.83
  </rating>
  <reviews>
   574127
  </reviews>
  <new>
   -
  </new>
 </clothing>
 <clothing>
  <id>
   894253856
  </id>
  <name>
   Ellesse Jacket V-7104
  </name>
  <category>
   Jacket
  </category>
  <size>
   L
  </size>
  <color>
   Красный
  </color>
  <material>
   Кожа
  </material>
  <price>
   395633
  </price>
  <rating>
   3.19
  </rating>
  <reviews>
   192551
  </reviews>
  <new>
   -
  </new>
 </clothing>
 <clothing>
  <id>
   734382446
  </id>
  <name>
   DC Pants M-4485
  </name>
  <category>
   Pants
  </category>
  <size>
   XL
  </size>
  <color>
   Зеленый
  </color>
  <material>
   Вискоза
  </material>
  <price>
   202619
  </price>
  <rating>
   2.56
  </rating>
  <reviews>
   217421
  </reviews>
  <sporty>
   no
  </sporty>
 </clothing>
 <clothing>
  <id>
   415896034
  </id>
  <name>
   Adidas Blouse P-7236
  </name>
  <category>
   Blouse
  </category>
  <size>
   L
  </size>
  <color>
   Голубой
  </color>
  <material>
   Кожа
  </material>
  <price>
   264602
  </price>
  <rating>
   2.99
  </rating>
  <reviews>
   830840
  </reviews>
  <new>
   +
  </new>
  <sporty>
   no
  </sporty>
 </clothing>
 <clothing>
  <id>
   300322916
  </id>
  <name>
   Addidas Shirt O-4168
  </name>
  <category>
   Shirt
  </category>
  <size>
   S
  </size>
  <color>
   Оранжевый
  </color>
  <material>
   Шелк
  </material>
  <price>
   753303
  </price>
  <rating>
   1.64
  </rating>
  <reviews>
   430758
  </reviews>
 </clothing>
 <clothing>
  <id>
   564692981
  </id>
  <name>
   PleinSport Blouse S-1003
  </name>
  <category>
   Blouse
  </category>
  <size>
   M
  </size>
  <color>
   Голубой
  </color>
  <material>
   Шелк
  </material>
  <price>
   568016
  </price>
  <rating>
   2.77
  </rating>
  <reviews>
   117216
  </reviews>
 </clothing>
 <clothing>
  <id>
   936900794
  </id>
  <name>
   Vans Skirt Z-9460
  </name>
  <category>
   Skirt
  </category>
  <size>
   XXL
  </size>
  <color>
   Голубой
  </color>
  <material>
   Нейлон
  </material>
  <price>
   984120
  </price>
  <rating>
   1.04
  </rating>
  <reviews>
   282019
  </reviews>
 </clothing>
 <clothing>
  <id>
   771597702
  </id>
  <name>
   Asics Jeans S-8033
  </name>
  <category>
   Jeans
  </category>
  <size>
   M
  </size>
  <color>
   Фиолетовый
  </color>
  <material>
   Вискоза
  </material>
  <price>
   355953
  </price>
  <rating>
   1.29
  </rating>
  <reviews>
   211760
  </reviews>
  <sporty>
   no
  </sporty>
 </clothing>
 <clothing>
  <id>
   968113094
  </id>
  <name>
   Addidas Shirt O-2725
  </name>
  <category>
   Shirt
  </category>
  <size>
   XXL
  </size>
  <color>
   Красный
  </color>
  <material>
   Полиэстер
  </material>
  <price>
   669025
  </price>
  <rating>
   4.09
  </rating>
  <reviews>
   608077
  </reviews>
  <new>
   -
  </new>
 </clothing>
 <clothing>
  <id>
   569275737
  </id>
  <name>
   Puma Pants J-4612
  </name>
  <category>
   Pants
  </category>
  <size>
   L
  </size>
  <color>
   Зеленый
  </color>
  <material>
   Вискоза
  </material>
  <price>
   200311
  </price>
  <rating>
   2.63
  </rating>
  <reviews>
   299517
  </reviews>
  <exclusive>
   no
  </exclusive>
  <sporty>
   no
  </sporty>
 </clothing>
 <clothing>
  <id>
   275963999
  </id>
  <name>
   Ellesse Handbags M-9298
  </name>
  <category>
   Handbags
  </category>
  <size>
   XXL
  </size>
  <color>
   Фиолетовый
  </color>
  <material>
   Хлопок
  </material>
  <price>
   418191
  </price>
  <rating>
   2.17
  </rating>
  <reviews>
   95696
  </reviews>
  <new>
   -
  </new>
  <sporty>
   yes
  </sporty>
 </clothing>
 <clothing>
  <id>
   134768378
  </id>
  <name>
   Reebok Hat K-8664
  </name>
  <category>
   Hat
  </category>
  <size>
   M
  </size>
  <color>
   Желтый
  </color>
  <material>
   Кожа
  </material>
  <price>
   115077
  </price>
  <rating>
   3.17
  </rating>
  <reviews>
   747849
  </reviews>
  <exclusive>
   yes
  </exclusive>
  <sporty>
   no
  </sporty>
 </clothing>
 <clothing>
  <id>
   106199919
  </id>
  <name>
   DC Socks N-5806
  </name>
  <category>
   Socks
  </category>
  <size>
   XL
  </size>
  <color>
   Синий
  </color>
  <material>
   Кожа
  </material>
  <price>
   549636
  </price>
  <rating>
   4.18
  </rating>
  <reviews>
   287621
  </reviews>
  <new>
   -
  </new>
  <sporty>
   no
  </sporty>
 </clothing>
 <clothing>
  <id>
   888188170
  </id>
  <name>
   Reebok Dress J-4155
  </name>
  <category>
   Dress
  </category>
  <size>
   XXL
  </size>
  <color>
   Голубой
  </color>
  <material>
   Полиэстер
  </material>
  <price>
   463108
  </price>
  <rating>
   3.26
  </rating>
  <reviews>
   864106
  </reviews>
  <new>
   -
  </new>
  <sporty>
   no
  </sporty>
 </clothing>
 <clothing>
  <id>
   893620353
  </id>
  <name>
   Asics Shirt R-7682
  </name>
  <category>
   Shirt
  </category>
  <size>
   M
  </size>
  <color>
   Оранжевый
  </color>
  <material>
   Шелк
  </material>
  <price>
   789665
  </price>
  <rating>
   1.52
  </rating>
  <reviews>
   11006
  </reviews>
  <exclusive>
   yes
  </exclusive>
 </clothing>
 <clothing>
  <id>
   622018278
  </id>
  <name>
   Puma Jacket P-1498
  </name>
  <category>
   Jacket
  </category>
  <size>
   M
  </size>
  <color>
   Красный
  </color>
  <material>
   Шерсть
  </material>
  <price>
   114056
  </price>
  <rating>
   3.32
  </rating>
  <reviews>
   513239
  </reviews>
  <new>
   +
  </new>
  <exclusive>
   yes
  </exclusive>
  <sporty>
   no
  </sporty>
 </clothing>
 <clothing>
  <id>
   693811054
  </id>
  <name>
   Fila Jeans T-4029
  </name>
  <category>
   Jeans
  </category>
  <size>
   XL
  </size>
  <color>
   Зеленый
  </color>
  <material>
   Лен
  </material>
  <price>
   172971
  </price>
  <rating>
   3.27
  </rating>
  <reviews>
   76090
  </reviews>
  <new>
   -
  </new>
  <exclusive>
   no
  </exclusive>
  <sporty>
   yes
  </sporty>
 </clothing>
 <clothing>
  <id>
   914604400
  </id>
  <name>
   Nike Belts J-3765
  </name>
  <category>
   Belts
  </category>
  <size>
   S
  </size>
  <color>
   Зеленый
  </color>
  <material>
   Хлопок
  </material>
  <price>
   509374
  </price>
  <rating>
   4.64
  </rating>
  <reviews>
   722948
  </reviews>
  <new>
   -
  </new>
  <sporty>
   no
  </sporty>
 </clothing>
 <clothing>
  <id>
   972828361
  </id>
  <name>
   Brooks Handbags W-8033
  </name>
  <category>
   Handbags
  </category>
  <size>
   M
  </size>
  <color>
   Зеленый
  </color>
  <material>
   Лен
  </material>
  <price>
   137571
  </price>
  <rating>
   3.82
  </rating>
  <reviews>
   325809
  </reviews>
  <new>
   -
  </new>
  <exclusive>
   no
  </exclusive>
 </clothing>
 <clothing>
  <id>
   840493602
  </id>
  <name>
   Lacoste Pants Q-8512
  </name>
  <category>
   Pants
  </category>
  <size>
   S
  </size>
  <color>
   Желтый
  </color>
  <material>
   Полиэстер
  </material>
  <price>
   468876
  </price>
  <rating>
   4.25
  </rating>
  <reviews>
   859308
  </reviews>
  <exclusive>
   yes
  </exclusive>
  <sporty>
   yes
  </sporty>
 </clothing>
 <clothing>
  <id>
   861153722
  </id>
  <name>
   Reebok Belts S-9414
  </name>
  <category>
   Belts
  </category>
  <size>
   XL
  </size>
  <color>
   Желтый
  </color>
  <material>
   Кожа
  </material>
  <price>
   742997
  </price>
  <rating>
   2.7
  </rating>
  <reviews>
   442889
  </reviews>
  <exclusive>
   yes
  </exclusive>
  <sporty>
   no
  </sporty>
 </clothing>
</clothing-items>
