<?xml version="1.0" encoding="utf-8"?>
<clothing-items>
 <clothing>
  <id>
   489935674
  </id>
  <name>
   Reebok Blouse Q-4130
  </name>
  <category>
   Blouse
  </category>
  <size>
   XL
  </size>
  <color>
   Голубой
  </color>
  <material>
   Вискоза
  </material>
  <price>
   699590
  </price>
  <rating>
   3.76
  </rating>
  <reviews>
   60434
  </reviews>
  <new>
   -
  </new>
 </clothing>
 <clothing>
  <id>
   792099379
  </id>
  <name>
   Brooks Shirt A-2871
  </name>
  <category>
   Shirt
  </category>
  <size>
   XXL
  </size>
  <color>
   Фиолетовый
  </color>
  <material>
   Кожа
  </material>
  <price>
   801115
  </price>
  <rating>
   3.61
  </rating>
  <reviews>
   466145
  </reviews>
  <new>
   +
  </new>
  <sporty>
   no
  </sporty>
 </clothing>
 <clothing>
  <id>
   577523184
  </id>
  <name>
   Ellesse Jeans X-4465
  </name>
  <category>
   Jeans
  </category>
  <size>
   M
  </size>
  <color>
   Желтый
  </color>
  <material>
   Вискоза
  </material>
  <price>
   354466
  </price>
  <rating>
   3.17
  </rating>
  <reviews>
   629017
  </reviews>
  <exclusive>
   no
  </exclusive>
  <sporty>
   no
  </sporty>
 </clothing>
 <clothing>
  <id>
   841707367
  </id>
  <name>
   Converse Umbrellas F-3321
  </name>
  <category>
   Umbrellas
  </category>
  <size>
   XL
  </size>
  <color>
   Зеленый
  </color>
  <material>
   Нейлон
  </material>
  <price>
   885041
  </price>
  <rating>
   2.22
  </rating>
  <reviews>
   401086
  </reviews>
  <sporty>
   no
  </sporty>
 </clothing>
 <clothing>
  <id>
   418538819
  </id>
  <name>
   Vans Belts B-9175
  </name>
  <category>
   Belts
  </category>
  <size>
   XXL
  </size>
  <color>
   Фиолетовый
  </color>
  <material>
   Шелк
  </material>
  <price>
   395015
  </price>
  <rating>
   3.85
  </rating>
  <reviews>
   838659
  </reviews>
  <new>
   -
  </new>
  <exclusive>
   no
  </exclusive>
 </clothing>
 <clothing>
  <id>
   750625390
  </id>
  <name>
   Puma Shirt O-4544
  </name>
  <category>
   Shirt
  </category>
  <size>
   XXL
  </size>
  <color>
   Синий
  </color>
  <material>
   Вискоза
  </material>
  <price>
   706390
  </price>
  <rating>
   1.61
  </rating>
  <reviews>
   578331
  </reviews>
  <new>
   -
  </new>
  <sporty>
   yes
  </sporty>
 </clothing>
 <clothing>
  <id>
   175183950
  </id>
  <name>
   Asics Shoes G-1478
  </name>
  <category>
   Shoes
  </category>
  <size>
   S
  </size>
  <color>
   Красный
  </color>
  <material>
   Вискоза
  </material>
  <price>
   822153
  </price>
  <rating>
   2.27
  </rating>
  <reviews>
   541929
  </reviews>
  <sporty>
   no
  </sporty>
 </clothing>
 <clothing>
  <id>
   310006895
  </id>
  <name>
   DC Jacket W-2435
  </name>
  <category>
   Jacket
  </category>
  <size>
   S
  </size>
  <color>
   Желтый
  </color>
  <material>
   Кожа
  </material>
  <price>
   146050
  </price>
  <rating>
   2.82
  </rating>
  <reviews>
   874393
  </reviews>
  <exclusive>
   yes
  </exclusive>
 </clothing>
 <clothing>
  <id>
   286949952
  </id>
  <name>
   PleinSport Sweater Q-7970
  </name>
  <category>
   Sweater
  </category>
  <size>
   XL
  </size>
  <color>
   Желтый
  </color>
  <material>
   Лен
  </material>
  <price>
   942340
  </price>
  <rating>
   4.76
  </rating>
  <reviews>
   574805
  </reviews>
  <new>
   -
  </new>
 </clothing>
 <clothing>
  <id>
   956458530
  </id>
  <name>
   Addidas Dress U-1839
  </name>
  <category>
   Dress
  </category>
  <size>
   L
  </size>
  <color>
   Красный
  </color>
  <material>
   Кожа
  </material>
  <price>
   415333
  </price>
  <rating>
   3.07
  </rating>
  <reviews>
   424426
  </reviews>
  <exclusive>
   no
  </exclusive>
 </clothing>
 <clothing>
  <id>
   217114695
  </id>
  <name>
   Puma Belts C-8190
  </name>
  <category>
   Belts
  </category>
  <size>
   XL
  </size>
  <color>
   Голубой
  </color>
  <material>
   Шелк
  </material>
  <price>
   328659
  </price>
  <rating>
   1.77
  </rating>
  <reviews>
   584853
  </reviews>
  <new>
   +
  </new>
  <sporty>
   no
  </sporty>
 </clothing>
 <clothing>
  <id>
   434445611
  </id>
  <name>
   Asics Blouse D-6165
  </name>
  <category>
   Blouse
  </category>
  <size>
   M
  </size>
  <color>
   Зеленый
  </color>
  <material>
   Нейлон
  </material>
  <price>
   304003
  </price>
  <rating>
   2.58
  </rating>
  <reviews>
   417302
  </reviews>
  <exclusive>
   no
  </exclusive>
  <sporty>
   yes
  </sporty>
 </clothing>
 <clothing>
  <id>
   728464224
  </id>
  <name>
   New Balance Umbrellas E-1870
  </name>
  <category>
   Umbrellas
  </category>
  <size>
   L
  </size>
  <color>
   Оранжевый
  </color>
  <material>
   Кожа
  </material>
  <price>
   842618
  </price>
  <rating>
   1.58
  </rating>
  <reviews>
   255869
  </reviews>
  <new>
   -
  </new>
  <sporty>
   yes
  </sporty>
 </clothing>
 <clothing>
  <id>
   463666839
  </id>
  <name>
   Puma Socks I-8223
  </name>
  <category>
   Socks
  </category>
  <size>
   S
  </size>
  <color>
   Зеленый
  </color>
  <material>
   Кожа
  </material>
  <price>
   842595
  </price>
  <rating>
   4.32
  </rating>
  <reviews>
   695165
  </reviews>
  <new>
   -
  </new>
  <exclusive>
   yes
  </exclusive>
 </clothing>
 <clothing>
  <id>
   651294859
  </id>
  <name>
   Nike Socks S-5541
  </name>
  <category>
   Socks
  </category>
  <size>
   M
  </size>
  <color>
   Голубой
  </color>
  <material>
   Хлопок
  </material>
  <price>
   360027
  </price>
  <rating>
   4.13
  </rating>
  <reviews>
   420564
  </reviews>
  <new>
   +
  </new>
  <sporty>
   no
  </sporty>
 </clothing>
 <clothing>
  <id>
   583035911
  </id>
  <name>
   Vans Sweater H-1032
  </name>
  <category>
   Sweater
  </category>
  <size>
   XL
  </size>
  <color>
   Синий
  </color>
  <material>
   Вискоза
  </material>
  <price>
   529209
  </price>
  <rating>
   4.58
  </rating>
  <reviews>
   696083
  </reviews>
  <new>
   -
  </new>
  <sporty>
   no
  </sporty>
 </clothing>
 <clothing>
  <id>
   385539872
  </id>
  <name>
   Adidas T-shirt Y-7454
  </name>
  <category>
   T-shirt
  </category>
  <size>
   XL
  </size>
  <color>
   Зеленый
  </color>
  <material>
   Шелк
  </material>
  <price>
   177204
  </price>
  <rating>
   2.57
  </rating>
  <reviews>
   390820
  </reviews>
  <new>
   -
  </new>
  <exclusive>
   no
  </exclusive>
  <sporty>
   no
  </sporty>
 </clothing>
 <clothing>
  <id>
   365304836
  </id>
  <name>
   Converse Gloves S-9003
  </name>
  <category>
   Gloves
  </category>
  <size>
   XXL
  </size>
  <color>
   Красный
  </color>
  <material>
   Лен
  </material>
  <price>
   401469
  </price>
  <rating>
   4.28
  </rating>
  <reviews>
   376913
  </reviews>
  <sporty>
   no
  </sporty>
 </clothing>
 <clothing>
  <id>
   791943983
  </id>
  <name>
   Brooks Hat Y-6178
  </name>
  <category>
   Hat
  </category>
  <size>
   M
  </size>
  <color>
   Синий
  </color>
  <material>
   Шелк
  </material>
  <price>
   312348
  </price>
  <rating>
   3.19
  </rating>
  <reviews>
   864416
  </reviews>
  <exclusive>
   yes
  </exclusive>
  <sporty>
   no
  </sporty>
 </clothing>
 <clothing>
  <id>
   378079809
  </id>
  <name>
   PleinSport T-shirt V-1763
  </name>
  <category>
   T-shirt
  </category>
  <size>
   XXL
  </size>
  <color>
   Желтый
  </color>
  <material>
   Шелк
  </material>
  <price>
   254550
  </price>
  <rating>
   3.63
  </rating>
  <reviews>
   948902
  </reviews>
  <new>
   +
  </new>
  <exclusive>
   no
  </exclusive>
 </clothing>
 <clothing>
  <id>
   303557483
  </id>
  <name>
   Puma Shoes P-6619
  </name>
  <category>
   Shoes
  </category>
  <size>
   L
  </size>
  <color>
   Красный
  </color>
  <material>
   Лен
  </material>
  <price>
   842293
  </price>
  <rating>
   3.49
  </rating>
  <reviews>
   129624
  </reviews>
  <new>
   +
  </new>
  <exclusive>
   yes
  </exclusive>
  <sporty>
   no
  </sporty>
 </clothing>
 <clothing>
  <id>
   721261891
  </id>
  <name>
   New Balance Umbrellas N-8639
  </name>
  <category>
   Umbrellas
  </category>
  <size>
   L
  </size>
  <color>
   Синий
  </color>
  <material>
   Кожа
  </material>
  <price>
   262670
  </price>
  <rating>
   3.0
  </rating>
  <reviews>
   987505
  </reviews>
  <new>
   -
  </new>
  <exclusive>
   no
  </exclusive>
  <sporty>
   no
  </sporty>
 </clothing>
 <clothing>
  <id>
   659285988
  </id>
  <name>
   Puma Sweater R-4270
  </name>
  <category>
   Sweater
  </category>
  <size>
   XXL
  </size>
  <color>
   Синий
  </color>
  <material>
   Полиэстер
  </material>
  <price>
   929281
  </price>
  <rating>
   3.89
  </rating>
  <reviews>
   647730
  </reviews>
  <new>
   -
  </new>
  <exclusive>
   no
  </exclusive>
  <sporty>
   yes
  </sporty>
 </clothing>
 <clothing>
  <id>
   180690156
  </id>
  <name>
   Lacoste Dress J-6115
  </name>
  <category>
   Dress
  </category>
  <size>
   XXL
  </size>
  <color>
   Желтый
  </color>
  <material>
   Шелк
  </material>
  <price>
   221955
  </price>
  <rating>
   3.28
  </rating>
  <reviews>
   522331
  </reviews>
  <exclusive>
   yes
  </exclusive>
  <sporty>
   no
  </sporty>
 </clothing>
 <clothing>
  <id>
   816406946
  </id>
  <name>
   Ellesse Gloves W-1146
  </name>
  <category>
   Gloves
  </category>
  <size>
   M
  </size>
  <color>
   Голубой
  </color>
  <material>
   Кожа
  </material>
  <price>
   378246
  </price>
  <rating>
   3.54
  </rating>
  <reviews>
   594548
  </reviews>
  <exclusive>
   yes
  </exclusive>
 </clothing>
 <clothing>
  <id>
   576045530
  </id>
  <name>
   Converse Belts L-9448
  </name>
  <category>
   Belts
  </category>
  <size>
   M
  </size>
  <color>
   Красный
  </color>
  <material>
   Кожа
  </material>
  <price>
   156259
  </price>
  <rating>
   2.55
  </rating>
  <reviews>
   960118
  </reviews>
  <new>
   -
  </new>
  <sporty>
   no
  </sporty>
 </clothing>
 <clothing>
  <id>
   235646972
  </id>
  <name>
   PleinSport Hat P-3850
  </name>
  <category>
   Hat
  </category>
  <size>
   L
  </size>
  <color>
   Зеленый
  </color>
  <material>
   Нейлон
  </material>
  <price>
   477114
  </price>
  <rating>
   4.13
  </rating>
  <reviews>
   88922
  </reviews>
  <new>
   -
  </new>
  <sporty>
   yes
  </sporty>
 </clothing>
 <clothing>
  <id>
   705583410
  </id>
  <name>
   PleinSport Pants P-9710
  </name>
  <category>
   Pants
  </category>
  <size>
   S
  </size>
  <color>
   Фиолетовый
  </color>
  <material>
   Шерсть
  </material>
  <price>
   688150
  </price>
  <rating>
   2.68
  </rating>
  <reviews>
   921345
  </reviews>
 </clothing>
 <clothing>
  <id>
   706023173
  </id>
  <name>
   Ellesse Shirt F-7138
  </name>
  <category>
   Shirt
  </category>
  <size>
   S
  </size>
  <color>
   Синий
  </color>
  <material>
   Шелк
  </material>
  <price>
   414088
  </price>
  <rating>
   3.55
  </rating>
  <reviews>
   68264
  </reviews>
  <new>
   -
  </new>
  <exclusive>
   yes
  </exclusive>
  <sporty>
   yes
  </sporty>
 </clothing>
 <clothing>
  <id>
   423457927
  </id>
  <name>
   Asics Dress P-6500
  </name>
  <category>
   Dress
  </category>
  <size>
   XXL
  </size>
  <color>
   Фиолетовый
  </color>
  <material>
   Кожа
  </material>
  <price>
   672065
  </price>
  <rating>
   4.25
  </rating>
  <reviews>
   125588
  </reviews>
  <new>
   -
  </new>
  <exclusive>
   no
  </exclusive>
  <sporty>
   no
  </sporty>
 </clothing>
 <clothing>
  <id>
   700857384
  </id>
  <name>
   Fila Pants H-3081
  </name>
  <category>
   Pants
  </category>
  <size>
   XL
  </size>
  <color>
   Оранжевый
  </color>
  <material>
   Кожа
  </material>
  <price>
   517006
  </price>
  <rating>
   4.79
  </rating>
  <reviews>
   674918
  </reviews>
  <new>
   +
  </new>
  <exclusive>
   yes
  </exclusive>
  <sporty>
   yes
  </sporty>
 </clothing>
 <clothing>
  <id>
   539168729
  </id>
  <name>
   Addidas Skirt B-4182
  </name>
  <category>
   Skirt
  </category>
  <size>
   S
  </size>
  <color>
   Оранжевый
  </color>
  <material>
   Нейлон
  </material>
  <price>
   641859
  </price>
  <rating>
   2.06
  </rating>
  <reviews>
   742643
  </reviews>
  <new>
   -
  </new>
  <exclusive>
   yes
  </exclusive>
  <sporty>
   yes
  </sporty>
 </clothing>
 <clothing>
  <id>
   908588283
  </id>
  <name>
   Converse Jacket K-2134
  </name>
  <category>
   Jacket
  </category>
  <size>
   M
  </size>
  <color>
   Синий
  </color>
  <material>
   Шелк
  </material>
  <price>
   849748
  </price>
  <rating>
   2.85
  </rating>
  <reviews>
   155482
  </reviews>
  <new>
   +
  </new>
  <exclusive>
   no
  </exclusive>
  <sporty>
   no
  </sporty>
 </clothing>
 <clothing>
  <id>
   310362551
  </id>
  <name>
   DC Jacket C-2866
  </name>
  <category>
   Jacket
  </category>
  <size>
   XL
  </size>
  <color>
   Синий
  </color>
  <material>
   Вискоза
  </material>
  <price>
   197118
  </price>
  <rating>
   3.59
  </rating>
  <reviews>
   394773
  </reviews>
  <new>
   -
  </new>
  <exclusive>
   no
  </exclusive>
 </clothing>
</clothing-items>
