<?xml version="1.0" encoding="utf-8"?>
<clothing-items>
 <clothing>
  <id>
   712123972
  </id>
  <name>
   Fila Shirt F-7133
  </name>
  <category>
   Shirt
  </category>
  <size>
   M
  </size>
  <color>
   Желтый
  </color>
  <material>
   Нейлон
  </material>
  <price>
   388247
  </price>
  <rating>
   3.77
  </rating>
  <reviews>
   535533
  </reviews>
 </clothing>
 <clothing>
  <id>
   697742158
  </id>
  <name>
   Vans Shoes L-8415
  </name>
  <category>
   Shoes
  </category>
  <size>
   M
  </size>
  <color>
   Желтый
  </color>
  <material>
   Кожа
  </material>
  <price>
   424242
  </price>
  <rating>
   3.96
  </rating>
  <reviews>
   823892
  </reviews>
  <new>
   -
  </new>
  <sporty>
   yes
  </sporty>
 </clothing>
 <clothing>
  <id>
   535520520
  </id>
  <name>
   Under Armour Skirt C-2574
  </name>
  <category>
   Skirt
  </category>
  <size>
   M
  </size>
  <color>
   Фиолетовый
  </color>
  <material>
   Хлопок
  </material>
  <price>
   960416
  </price>
  <rating>
   4.04
  </rating>
  <reviews>
   690018
  </reviews>
  <new>
   -
  </new>
  <exclusive>
   no
  </exclusive>
  <sporty>
   no
  </sporty>
 </clothing>
 <clothing>
  <id>
   529756239
  </id>
  <name>
   Lacoste Gloves M-9414
  </name>
  <category>
   Gloves
  </category>
  <size>
   XL
  </size>
  <color>
   Красный
  </color>
  <material>
   Вискоза
  </material>
  <price>
   549103
  </price>
  <rating>
   1.62
  </rating>
  <reviews>
   647845
  </reviews>
  <new>
   -
  </new>
  <exclusive>
   no
  </exclusive>
  <sporty>
   no
  </sporty>
 </clothing>
 <clothing>
  <id>
   489053364
  </id>
  <name>
   Adidas Umbrellas U-2631
  </name>
  <category>
   Umbrellas
  </category>
  <size>
   M
  </size>
  <color>
   Оранжевый
  </color>
  <material>
   Вискоза
  </material>
  <price>
   711541
  </price>
  <rating>
   4.13
  </rating>
  <reviews>
   728119
  </reviews>
  <exclusive>
   yes
  </exclusive>
 </clothing>
 <clothing>
  <id>
   977961405
  </id>
  <name>
   Nike Belts M-7093
  </name>
  <category>
   Belts
  </category>
  <size>
   XL
  </size>
  <color>
   Синий
  </color>
  <material>
   Кожа
  </material>
  <price>
   556774
  </price>
  <rating>
   1.46
  </rating>
  <reviews>
   797629
  </reviews>
  <new>
   +
  </new>
 </clothing>
 <clothing>
  <id>
   294470293
  </id>
  <name>
   DC Pants C-7571
  </name>
  <category>
   Pants
  </category>
  <size>
   L
  </size>
  <color>
   Синий
  </color>
  <material>
   Шелк
  </material>
  <price>
   592847
  </price>
  <rating>
   2.1
  </rating>
  <reviews>
   579579
  </reviews>
  <new>
   +
  </new>
  <exclusive>
   no
  </exclusive>
 </clothing>
 <clothing>
  <id>
   912498034
  </id>
  <name>
   PleinSport Handbags E-1510
  </name>
  <category>
   Handbags
  </category>
  <size>
   M
  </size>
  <color>
   Оранжевый
  </color>
  <material>
   Кожа
  </material>
  <price>
   871685
  </price>
  <rating>
   1.03
  </rating>
  <reviews>
   718290
  </reviews>
  <new>
   +
  </new>
  <exclusive>
   no
  </exclusive>
  <sporty>
   yes
  </sporty>
 </clothing>
 <clothing>
  <id>
   577031593
  </id>
  <name>
   Adidas Jacket Q-8489
  </name>
  <category>
   Jacket
  </category>
  <size>
   L
  </size>
  <color>
   Голубой
  </color>
  <material>
   Шелк
  </material>
  <price>
   222111
  </price>
  <rating>
   4.56
  </rating>
  <reviews>
   328221
  </reviews>
  <new>
   -
  </new>
  <exclusive>
   no
  </exclusive>
  <sporty>
   no
  </sporty>
 </clothing>
 <clothing>
  <id>
   394369947
  </id>
  <name>
   DC Socks G-1792
  </name>
  <category>
   Socks
  </category>
  <size>
   XXL
  </size>
  <color>
   Зеленый
  </color>
  <material>
   Шерсть
  </material>
  <price>
   403912
  </price>
  <rating>
   1.13
  </rating>
  <reviews>
   210166
  </reviews>
  <sporty>
   no
  </sporty>
 </clothing>
 <clothing>
  <id>
   294044527
  </id>
  <name>
   New Balance Jacket T-2874
  </name>
  <category>
   Jacket
  </category>
  <size>
   S
  </size>
  <color>
   Синий
  </color>
  <material>
   Кожа
  </material>
  <price>
   873706
  </price>
  <rating>
   4.19
  </rating>
  <reviews>
   402661
  </reviews>
  <exclusive>
   no
  </exclusive>
  <sporty>
   no
  </sporty>
 </clothing>
 <clothing>
  <id>
   530047462
  </id>
  <name>
   Fila Shirt P-7064
  </name>
  <category>
   Shirt
  </category>
  <size>
   L
  </size>
  <color>
   Оранжевый
  </color>
  <material>
   Шелк
  </material>
  <price>
   317720
  </price>
  <rating>
   4.93
  </rating>
  <reviews>
   549798
  </reviews>
  <new>
   +
  </new>
  <sporty>
   no
  </sporty>
 </clothing>
 <clothing>
  <id>
   204049248
  </id>
  <name>
   Vans Pants H-2287
  </name>
  <category>
   Pants
  </category>
  <size>
   XL
  </size>
  <color>
   Красный
  </color>
  <material>
   Шелк
  </material>
  <price>
   220929
  </price>
  <rating>
   1.88
  </rating>
  <reviews>
   889992
  </reviews>
  <exclusive>
   no
  </exclusive>
  <sporty>
   no
  </sporty>
 </clothing>
 <clothing>
  <id>
   550032838
  </id>
  <name>
   Converse Hat H-4257
  </name>
  <category>
   Hat
  </category>
  <size>
   S
  </size>
  <color>
   Синий
  </color>
  <material>
   Нейлон
  </material>
  <price>
   946821
  </price>
  <rating>
   4.62
  </rating>
  <reviews>
   682058
  </reviews>
  <sporty>
   no
  </sporty>
 </clothing>
 <clothing>
  <id>
   539804854
  </id>
  <name>
   Brooks Dress E-2695
  </name>
  <category>
   Dress
  </category>
  <size>
   M
  </size>
  <color>
   Голубой
  </color>
  <material>
   Кожа
  </material>
  <price>
   862858
  </price>
  <rating>
   2.02
  </rating>
  <reviews>
   782562
  </reviews>
  <exclusive>
   no
  </exclusive>
 </clothing>
 <clothing>
  <id>
   127158148
  </id>
  <name>
   Vans Jacket S-2985
  </name>
  <category>
   Jacket
  </category>
  <size>
   XXL
  </size>
  <color>
   Фиолетовый
  </color>
  <material>
   Кожа
  </material>
  <price>
   870649
  </price>
  <rating>
   4.22
  </rating>
  <reviews>
   901672
  </reviews>
  <new>
   -
  </new>
  <exclusive>
   yes
  </exclusive>
  <sporty>
   yes
  </sporty>
 </clothing>
 <clothing>
  <id>
   100271018
  </id>
  <name>
   Reebok Skirt N-8373
  </name>
  <category>
   Skirt
  </category>
  <size>
   L
  </size>
  <color>
   Желтый
  </color>
  <material>
   Шерсть
  </material>
  <price>
   404730
  </price>
  <rating>
   4.73
  </rating>
  <reviews>
   798417
  </reviews>
  <new>
   +
  </new>
  <exclusive>
   yes
  </exclusive>
  <sporty>
   no
  </sporty>
 </clothing>
 <clothing>
  <id>
   986174746
  </id>
  <name>
   Nike Gloves M-1512
  </name>
  <category>
   Gloves
  </category>
  <size>
   S
  </size>
  <color>
   Голубой
  </color>
  <material>
   Нейлон
  </material>
  <price>
   944921
  </price>
  <rating>
   2.81
  </rating>
  <reviews>
   890776
  </reviews>
  <sporty>
   no
  </sporty>
 </clothing>
 <clothing>
  <id>
   476541934
  </id>
  <name>
   PleinSport Umbrellas Q-5362
  </name>
  <category>
   Umbrellas
  </category>
  <size>
   L
  </size>
  <color>
   Красный
  </color>
  <material>
   Лен
  </material>
  <price>
   366108
  </price>
  <rating>
   4.2
  </rating>
  <reviews>
   185626
  </reviews>
  <exclusive>
   yes
  </exclusive>
 </clothing>
 <clothing>
  <id>
   132331657
  </id>
  <name>
   Converse Dress H-1852
  </name>
  <category>
   Dress
  </category>
  <size>
   L
  </size>
  <color>
   Желтый
  </color>
  <material>
   Хлопок
  </material>
  <price>
   393006
  </price>
  <rating>
   1.59
  </rating>
  <reviews>
   962516
  </reviews>
  <new>
   -
  </new>
  <exclusive>
   yes
  </exclusive>
  <sporty>
   yes
  </sporty>
 </clothing>
 <clothing>
  <id>
   758945008
  </id>
  <name>
   Lacoste Hat L-6104
  </name>
  <category>
   Hat
  </category>
  <size>
   XL
  </size>
  <color>
   Желтый
  </color>
  <material>
   Нейлон
  </material>
  <price>
   790636
  </price>
  <rating>
   2.69
  </rating>
  <reviews>
   170487
  </reviews>
  <new>
   -
  </new>
  <exclusive>
   yes
  </exclusive>
  <sporty>
   no
  </sporty>
 </clothing>
 <clothing>
  <id>
   462298897
  </id>
  <name>
   Lacoste Gloves N-7314
  </name>
  <category>
   Gloves
  </category>
  <size>
   XXL
  </size>
  <color>
   Голубой
  </color>
  <material>
   Вискоза
  </material>
  <price>
   581488
  </price>
  <rating>
   2.43
  </rating>
  <reviews>
   75520
  </reviews>
  <new>
   +
  </new>
 </clothing>
 <clothing>
  <id>
   106547222
  </id>
  <name>
   New Balance Jacket H-5999
  </name>
  <category>
   Jacket
  </category>
  <size>
   XL
  </size>
  <color>
   Желтый
  </color>
  <material>
   Вискоза
  </material>
  <price>
   997932
  </price>
  <rating>
   3.61
  </rating>
  <reviews>
   848138
  </reviews>
  <new>
   +
  </new>
  <exclusive>
   no
  </exclusive>
  <sporty>
   no
  </sporty>
 </clothing>
</clothing-items>
