<?xml version="1.0" encoding="utf-8"?>
<clothing-items>
 <clothing>
  <id>
   827944994
  </id>
  <name>
   Addidas Skirt Z-8502
  </name>
  <category>
   Skirt
  </category>
  <size>
   L
  </size>
  <color>
   Оранжевый
  </color>
  <material>
   Шелк
  </material>
  <price>
   412997
  </price>
  <rating>
   4.43
  </rating>
  <reviews>
   572416
  </reviews>
  <new>
   +
  </new>
  <exclusive>
   no
  </exclusive>
  <sporty>
   yes
  </sporty>
 </clothing>
 <clothing>
  <id>
   302871463
  </id>
  <name>
   PleinSport Dress G-9368
  </name>
  <category>
   Dress
  </category>
  <size>
   XL
  </size>
  <color>
   Голубой
  </color>
  <material>
   Кожа
  </material>
  <price>
   412201
  </price>
  <rating>
   2.1
  </rating>
  <reviews>
   44961
  </reviews>
  <exclusive>
   no
  </exclusive>
 </clothing>
 <clothing>
  <id>
   347271825
  </id>
  <name>
   DC Umbrellas J-9883
  </name>
  <category>
   Umbrellas
  </category>
  <size>
   L
  </size>
  <color>
   Красный
  </color>
  <material>
   Нейлон
  </material>
  <price>
   733665
  </price>
  <rating>
   4.05
  </rating>
  <reviews>
   146846
  </reviews>
  <exclusive>
   no
  </exclusive>
 </clothing>
 <clothing>
  <id>
   878430521
  </id>
  <name>
   Lacoste T-shirt V-3180
  </name>
  <category>
   T-shirt
  </category>
  <size>
   M
  </size>
  <color>
   Голубой
  </color>
  <material>
   Шерсть
  </material>
  <price>
   790858
  </price>
  <rating>
   2.96
  </rating>
  <reviews>
   642688
  </reviews>
  <exclusive>
   yes
  </exclusive>
  <sporty>
   no
  </sporty>
 </clothing>
 <clothing>
  <id>
   772708141
  </id>
  <name>
   Addidas Blouse S-8791
  </name>
  <category>
   Blouse
  </category>
  <size>
   L
  </size>
  <color>
   Фиолетовый
  </color>
  <material>
   Шелк
  </material>
  <price>
   835557
  </price>
  <rating>
   4.34
  </rating>
  <reviews>
   662672
  </reviews>
  <new>
   -
  </new>
  <exclusive>
   no
  </exclusive>
  <sporty>
   no
  </sporty>
 </clothing>
 <clothing>
  <id>
   722859988
  </id>
  <name>
   DC Pants G-4837
  </name>
  <category>
   Pants
  </category>
  <size>
   M
  </size>
  <color>
   Оранжевый
  </color>
  <material>
   Лен
  </material>
  <price>
   668367
  </price>
  <rating>
   2.47
  </rating>
  <reviews>
   731890
  </reviews>
  <exclusive>
   no
  </exclusive>
  <sporty>
   no
  </sporty>
 </clothing>
 <clothing>
  <id>
   112782417
  </id>
  <name>
   Lacoste Gloves S-5691
  </name>
  <category>
   Gloves
  </category>
  <size>
   XL
  </size>
  <color>
   Синий
  </color>
  <material>
   Вискоза
  </material>
  <price>
   592834
  </price>
  <rating>
   1.79
  </rating>
  <reviews>
   572699
  </reviews>
  <new>
   -
  </new>
  <exclusive>
   no
  </exclusive>
  <sporty>
   yes
  </sporty>
 </clothing>
 <clothing>
  <id>
   943594786
  </id>
  <name>
   Adidas Jacket Y-4551
  </name>
  <category>
   Jacket
  </category>
  <size>
   L
  </size>
  <color>
   Оранжевый
  </color>
  <material>
   Нейлон
  </material>
  <price>
   351910
  </price>
  <rating>
   1.02
  </rating>
  <reviews>
   527676
  </reviews>
  <sporty>
   yes
  </sporty>
 </clothing>
 <clothing>
  <id>
   957819267
  </id>
  <name>
   Reebok Handbags P-4805
  </name>
  <category>
   Handbags
  </category>
  <size>
   M
  </size>
  <color>
   Зеленый
  </color>
  <material>
   Полиэстер
  </material>
  <price>
   961773
  </price>
  <rating>
   4.97
  </rating>
  <reviews>
   947238
  </reviews>
  <sporty>
   yes
  </sporty>
 </clothing>
 <clothing>
  <id>
   803520689
  </id>
  <name>
   New Balance Shirt Z-3995
  </name>
  <category>
   Shirt
  </category>
  <size>
   L
  </size>
  <color>
   Фиолетовый
  </color>
  <material>
   Кожа
  </material>
  <price>
   268561
  </price>
  <rating>
   1.52
  </rating>
  <reviews>
   703706
  </reviews>
  <new>
   -
  </new>
  <sporty>
   yes
  </sporty>
 </clothing>
 <clothing>
  <id>
   236599402
  </id>
  <name>
   Lacoste Blouse L-1348
  </name>
  <category>
   Blouse
  </category>
  <size>
   L
  </size>
  <color>
   Синий
  </color>
  <material>
   Полиэстер
  </material>
  <price>
   162959
  </price>
  <rating>
   1.59
  </rating>
  <reviews>
   21043
  </reviews>
  <new>
   -
  </new>
  <exclusive>
   yes
  </exclusive>
 </clothing>
 <clothing>
  <id>
   989728854
  </id>
  <name>
   Under Armour Sweater I-3012
  </name>
  <category>
   Sweater
  </category>
  <size>
   S
  </size>
  <color>
   Желтый
  </color>
  <material>
   Полиэстер
  </material>
  <price>
   713932
  </price>
  <rating>
   4.57
  </rating>
  <reviews>
   783539
  </reviews>
  <new>
   +
  </new>
 </clothing>
 <clothing>
  <id>
   394842392
  </id>
  <name>
   DC Umbrellas N-5652
  </name>
  <category>
   Umbrellas
  </category>
  <size>
   XL
  </size>
  <color>
   Фиолетовый
  </color>
  <material>
   Хлопок
  </material>
  <price>
   414155
  </price>
  <rating>
   3.02
  </rating>
  <reviews>
   141317
  </reviews>
  <new>
   +
  </new>
  <exclusive>
   no
  </exclusive>
  <sporty>
   yes
  </sporty>
 </clothing>
 <clothing>
  <id>
   660323531
  </id>
  <name>
   Vans Jeans H-4196
  </name>
  <category>
   Jeans
  </category>
  <size>
   XL
  </size>
  <color>
   Голубой
  </color>
  <material>
   Хлопок
  </material>
  <price>
   574824
  </price>
  <rating>
   2.57
  </rating>
  <reviews>
   398163
  </reviews>
  <new>
   +
  </new>
 </clothing>
 <clothing>
  <id>
   452665055
  </id>
  <name>
   New Balance Skirt F-9637
  </name>
  <category>
   Skirt
  </category>
  <size>
   XL
  </size>
  <color>
   Зеленый
  </color>
  <material>
   Нейлон
  </material>
  <price>
   605756
  </price>
  <rating>
   2.97
  </rating>
  <reviews>
   528949
  </reviews>
 </clothing>
 <clothing>
  <id>
   871632587
  </id>
  <name>
   Fila Belts D-6845
  </name>
  <category>
   Belts
  </category>
  <size>
   L
  </size>
  <color>
   Желтый
  </color>
  <material>
   Полиэстер
  </material>
  <price>
   188589
  </price>
  <rating>
   2.56
  </rating>
  <reviews>
   316216
  </reviews>
  <new>
   -
  </new>
  <sporty>
   no
  </sporty>
 </clothing>
 <clothing>
  <id>
   213260809
  </id>
  <name>
   Fila Blouse V-5976
  </name>
  <category>
   Blouse
  </category>
  <size>
   XL
  </size>
  <color>
   Оранжевый
  </color>
  <material>
   Шелк
  </material>
  <price>
   957328
  </price>
  <rating>
   4.42
  </rating>
  <reviews>
   308213
  </reviews>
  <new>
   -
  </new>
  <exclusive>
   no
  </exclusive>
 </clothing>
 <clothing>
  <id>
   928741812
  </id>
  <name>
   Ellesse Jeans B-8968
  </name>
  <category>
   Jeans
  </category>
  <size>
   M
  </size>
  <color>
   Зеленый
  </color>
  <material>
   Кожа
  </material>
  <price>
   204117
  </price>
  <rating>
   4.91
  </rating>
  <reviews>
   677860
  </reviews>
  <exclusive>
   no
  </exclusive>
  <sporty>
   no
  </sporty>
 </clothing>
 <clothing>
  <id>
   119876831
  </id>
  <name>
   Brooks Gloves V-7738
  </name>
  <category>
   Gloves
  </category>
  <size>
   L
  </size>
  <color>
   Красный
  </color>
  <material>
   Кожа
  </material>
  <price>
   281220
  </price>
  <rating>
   1.73
  </rating>
  <reviews>
   836166
  </reviews>
  <new>
   +
  </new>
  <exclusive>
   no
  </exclusive>
  <sporty>
   yes
  </sporty>
 </clothing>
 <clothing>
  <id>
   313680407
  </id>
  <name>
   Lacoste Jacket U-5300
  </name>
  <category>
   Jacket
  </category>
  <size>
   S
  </size>
  <color>
   Синий
  </color>
  <material>
   Нейлон
  </material>
  <price>
   348101
  </price>
  <rating>
   4.03
  </rating>
  <reviews>
   920863
  </reviews>
  <new>
   -
  </new>
  <exclusive>
   no
  </exclusive>
 </clothing>
 <clothing>
  <id>
   902917677
  </id>
  <name>
   Asics Shirt Z-7405
  </name>
  <category>
   Shirt
  </category>
  <size>
   XL
  </size>
  <color>
   Голубой
  </color>
  <material>
   Лен
  </material>
  <price>
   829801
  </price>
  <rating>
   4.9
  </rating>
  <reviews>
   354395
  </reviews>
  <exclusive>
   no
  </exclusive>
  <sporty>
   no
  </sporty>
 </clothing>
 <clothing>
  <id>
   306666049
  </id>
  <name>
   Vans Dress N-6960
  </name>
  <category>
   Dress
  </category>
  <size>
   S
  </size>
  <color>
   Фиолетовый
  </color>
  <material>
   Шелк
  </material>
  <price>
   499199
  </price>
  <rating>
   4.52
  </rating>
  <reviews>
   257373
  </reviews>
 </clothing>
 <clothing>
  <id>
   162553089
  </id>
  <name>
   New Balance Jeans N-7288
  </name>
  <category>
   Jeans
  </category>
  <size>
   XL
  </size>
  <color>
   Оранжевый
  </color>
  <material>
   Шелк
  </material>
  <price>
   178731
  </price>
  <rating>
   4.23
  </rating>
  <reviews>
   222634
  </reviews>
  <new>
   +
  </new>
  <sporty>
   no
  </sporty>
 </clothing>
 <clothing>
  <id>
   501539379
  </id>
  <name>
   Adidas Sweater C-2246
  </name>
  <category>
   Sweater
  </category>
  <size>
   XL
  </size>
  <color>
   Голубой
  </color>
  <material>
   Полиэстер
  </material>
  <price>
   295061
  </price>
  <rating>
   2.49
  </rating>
  <reviews>
   45052
  </reviews>
  <new>
   -
  </new>
  <exclusive>
   no
  </exclusive>
 </clothing>
 <clothing>
  <id>
   430347542
  </id>
  <name>
   Nike T-shirt P-3994
  </name>
  <category>
   T-shirt
  </category>
  <size>
   S
  </size>
  <color>
   Голубой
  </color>
  <material>
   Вискоза
  </material>
  <price>
   261413
  </price>
  <rating>
   2.59
  </rating>
  <reviews>
   900848
  </reviews>
  <new>
   -
  </new>
  <exclusive>
   no
  </exclusive>
  <sporty>
   yes
  </sporty>
 </clothing>
 <clothing>
  <id>
   510235399
  </id>
  <name>
   Brooks Hat T-8782
  </name>
  <category>
   Hat
  </category>
  <size>
   S
  </size>
  <color>
   Красный
  </color>
  <material>
   Нейлон
  </material>
  <price>
   392013
  </price>
  <rating>
   3.93
  </rating>
  <reviews>
   272085
  </reviews>
  <sporty>
   yes
  </sporty>
 </clothing>
 <clothing>
  <id>
   364731341
  </id>
  <name>
   Ellesse Shoes H-6209
  </name>
  <category>
   Shoes
  </category>
  <size>
   XXL
  </size>
  <color>
   Голубой
  </color>
  <material>
   Полиэстер
  </material>
  <price>
   360218
  </price>
  <rating>
   4.02
  </rating>
  <reviews>
   495314
  </reviews>
  <new>
   +
  </new>
  <exclusive>
   no
  </exclusive>
 </clothing>
 <clothing>
  <id>
   906737536
  </id>
  <name>
   DC Socks F-2839
  </name>
  <category>
   Socks
  </category>
  <size>
   L
  </size>
  <color>
   Желтый
  </color>
  <material>
   Вискоза
  </material>
  <price>
   340655
  </price>
  <rating>
   1.25
  </rating>
  <reviews>
   854809
  </reviews>
  <sporty>
   no
  </sporty>
 </clothing>
 <clothing>
  <id>
   861493339
  </id>
  <name>
   Brooks Umbrellas Y-6240
  </name>
  <category>
   Umbrellas
  </category>
  <size>
   M
  </size>
  <color>
   Желтый
  </color>
  <material>
   Кожа
  </material>
  <price>
   830469
  </price>
  <rating>
   2.28
  </rating>
  <reviews>
   395924
  </reviews>
 </clothing>
 <clothing>
  <id>
   582918472
  </id>
  <name>
   Ellesse Belts R-5180
  </name>
  <category>
   Belts
  </category>
  <size>
   S
  </size>
  <color>
   Красный
  </color>
  <material>
   Полиэстер
  </material>
  <price>
   376919
  </price>
  <rating>
   3.34
  </rating>
  <reviews>
   239252
  </reviews>
  <new>
   +
  </new>
 </clothing>
 <clothing>
  <id>
   119637900
  </id>
  <name>
   Addidas Umbrellas H-4408
  </name>
  <category>
   Umbrellas
  </category>
  <size>
   XL
  </size>
  <color>
   Голубой
  </color>
  <material>
   Шелк
  </material>
  <price>
   925678
  </price>
  <rating>
   3.23
  </rating>
  <reviews>
   736173
  </reviews>
  <exclusive>
   no
  </exclusive>
  <sporty>
   yes
  </sporty>
 </clothing>
 <clothing>
  <id>
   286589017
  </id>
  <name>
   Asics Dress H-4947
  </name>
  <category>
   Dress
  </category>
  <size>
   M
  </size>
  <color>
   Зеленый
  </color>
  <material>
   Нейлон
  </material>
  <price>
   751137
  </price>
  <rating>
   2.43
  </rating>
  <reviews>
   375604
  </reviews>
  <exclusive>
   no
  </exclusive>
 </clothing>
 <clothing>
  <id>
   133353751
  </id>
  <name>
   Asics Belts O-4383
  </name>
  <category>
   Belts
  </category>
  <size>
   L
  </size>
  <color>
   Желтый
  </color>
  <material>
   Нейлон
  </material>
  <price>
   455103
  </price>
  <rating>
   3.71
  </rating>
  <reviews>
   848526
  </reviews>
  <new>
   -
  </new>
  <exclusive>
   no
  </exclusive>
  <sporty>
   no
  </sporty>
 </clothing>
 <clothing>
  <id>
   216231968
  </id>
  <name>
   Nike T-shirt Z-3117
  </name>
  <category>
   T-shirt
  </category>
  <size>
   S
  </size>
  <color>
   Красный
  </color>
  <material>
   Шелк
  </material>
  <price>
   150366
  </price>
  <rating>
   4.1
  </rating>
  <reviews>
   17668
  </reviews>
  <new>
   -
  </new>
  <exclusive>
   yes
  </exclusive>
 </clothing>
 <clothing>
  <id>
   915967653
  </id>
  <name>
   Reebok Belts Y-4993
  </name>
  <category>
   Belts
  </category>
  <size>
   M
  </size>
  <color>
   Оранжевый
  </color>
  <material>
   Лен
  </material>
  <price>
   616866
  </price>
  <rating>
   3.94
  </rating>
  <reviews>
   314455
  </reviews>
  <new>
   -
  </new>
 </clothing>
 <clothing>
  <id>
   176792804
  </id>
  <name>
   Lacoste Pants Y-5508
  </name>
  <category>
   Pants
  </category>
  <size>
   M
  </size>
  <color>
   Желтый
  </color>
  <material>
   Шелк
  </material>
  <price>
   238872
  </price>
  <rating>
   4.65
  </rating>
  <reviews>
   121289
  </reviews>
  <new>
   -
  </new>
  <exclusive>
   yes
  </exclusive>
  <sporty>
   yes
  </sporty>
 </clothing>
 <clothing>
  <id>
   752878549
  </id>
  <name>
   Vans Belts Q-3724
  </name>
  <category>
   Belts
  </category>
  <size>
   S
  </size>
  <color>
   Красный
  </color>
  <material>
   Полиэстер
  </material>
  <price>
   637014
  </price>
  <rating>
   2.85
  </rating>
  <reviews>
   57010
  </reviews>
  <new>
   -
  </new>
 </clothing>
 <clothing>
  <id>
   797532750
  </id>
  <name>
   Puma Socks O-7406
  </name>
  <category>
   Socks
  </category>
  <size>
   XXL
  </size>
  <color>
   Фиолетовый
  </color>
  <material>
   Нейлон
  </material>
  <price>
   771291
  </price>
  <rating>
   2.21
  </rating>
  <reviews>
   972101
  </reviews>
 </clothing>
 <clothing>
  <id>
   435086297
  </id>
  <name>
   New Balance Jacket M-7145
  </name>
  <category>
   Jacket
  </category>
  <size>
   S
  </size>
  <color>
   Красный
  </color>
  <material>
   Хлопок
  </material>
  <price>
   365031
  </price>
  <rating>
   4.37
  </rating>
  <reviews>
   209187
  </reviews>
 </clothing>
 <clothing>
  <id>
   226354843
  </id>
  <name>
   New Balance Socks F-9485
  </name>
  <category>
   Socks
  </category>
  <size>
   S
  </size>
  <color>
   Желтый
  </color>
  <material>
   Вискоза
  </material>
  <price>
   590078
  </price>
  <rating>
   1.93
  </rating>
  <reviews>
   905299
  </reviews>
  <new>
   -
  </new>
  <sporty>
   yes
  </sporty>
 </clothing>
 <clothing>
  <id>
   261900548
  </id>
  <name>
   New Balance Shirt S-8116
  </name>
  <category>
   Shirt
  </category>
  <size>
   S
  </size>
  <color>
   Красный
  </color>
  <material>
   Кожа
  </material>
  <price>
   882998
  </price>
  <rating>
   3.96
  </rating>
  <reviews>
   693424
  </reviews>
  <new>
   -
  </new>
 </clothing>
 <clothing>
  <id>
   338642455
  </id>
  <name>
   Adidas Shoes M-3601
  </name>
  <category>
   Shoes
  </category>
  <size>
   L
  </size>
  <color>
   Оранжевый
  </color>
  <material>
   Вискоза
  </material>
  <price>
   872736
  </price>
  <rating>
   4.98
  </rating>
  <reviews>
   267471
  </reviews>
  <new>
   -
  </new>
  <exclusive>
   yes
  </exclusive>
 </clothing>
 <clothing>
  <id>
   333354602
  </id>
  <name>
   Lacoste Pants D-6168
  </name>
  <category>
   Pants
  </category>
  <size>
   XXL
  </size>
  <color>
   Зеленый
  </color>
  <material>
   Шерсть
  </material>
  <price>
   534793
  </price>
  <rating>
   1.67
  </rating>
  <reviews>
   651421
  </reviews>
  <sporty>
   no
  </sporty>
 </clothing>
 <clothing>
  <id>
   160269225
  </id>
  <name>
   Addidas Umbrellas F-1723
  </name>
  <category>
   Umbrellas
  </category>
  <size>
   S
  </size>
  <color>
   Зеленый
  </color>
  <material>
   Шерсть
  </material>
  <price>
   427635
  </price>
  <rating>
   2.41
  </rating>
  <reviews>
   324459
  </reviews>
  <new>
   -
  </new>
 </clothing>
 <clothing>
  <id>
   451310962
  </id>
  <name>
   New Balance Dress D-4869
  </name>
  <category>
   Dress
  </category>
  <size>
   XXL
  </size>
  <color>
   Зеленый
  </color>
  <material>
   Полиэстер
  </material>
  <price>
   192751
  </price>
  <rating>
   2.62
  </rating>
  <reviews>
   277280
  </reviews>
  <exclusive>
   no
  </exclusive>
 </clothing>
 <clothing>
  <id>
   735263825
  </id>
  <name>
   PleinSport Jeans A-1139
  </name>
  <category>
   Jeans
  </category>
  <size>
   M
  </size>
  <color>
   Красный
  </color>
  <material>
   Лен
  </material>
  <price>
   585358
  </price>
  <rating>
   1.24
  </rating>
  <reviews>
   832925
  </reviews>
  <sporty>
   no
  </sporty>
 </clothing>
 <clothing>
  <id>
   683779842
  </id>
  <name>
   Lacoste Gloves T-7214
  </name>
  <category>
   Gloves
  </category>
  <size>
   M
  </size>
  <color>
   Синий
  </color>
  <material>
   Шелк
  </material>
  <price>
   217712
  </price>
  <rating>
   1.34
  </rating>
  <reviews>
   876184
  </reviews>
  <new>
   +
  </new>
  <exclusive>
   no
  </exclusive>
 </clothing>
 <clothing>
  <id>
   788737853
  </id>
  <name>
   PleinSport Pants H-9977
  </name>
  <category>
   Pants
  </category>
  <size>
   L
  </size>
  <color>
   Зеленый
  </color>
  <material>
   Кожа
  </material>
  <price>
   993559
  </price>
  <rating>
   2.29
  </rating>
  <reviews>
   261633
  </reviews>
  <new>
   +
  </new>
  <sporty>
   no
  </sporty>
 </clothing>
 <clothing>
  <id>
   916620101
  </id>
  <name>
   Lacoste Gloves H-4274
  </name>
  <category>
   Gloves
  </category>
  <size>
   L
  </size>
  <color>
   Фиолетовый
  </color>
  <material>
   Шерсть
  </material>
  <price>
   692561
  </price>
  <rating>
   2.56
  </rating>
  <reviews>
   787596
  </reviews>
  <new>
   -
  </new>
  <exclusive>
   no
  </exclusive>
 </clothing>
</clothing-items>
