<?xml version="1.0" encoding="utf-8"?>
<clothing-items>
 <clothing>
  <id>
   499953920
  </id>
  <name>
   Fila Shirt M-2231
  </name>
  <category>
   Shirt
  </category>
  <size>
   L
  </size>
  <color>
   Желтый
  </color>
  <material>
   Нейлон
  </material>
  <price>
   911466
  </price>
  <rating>
   3.21
  </rating>
  <reviews>
   923521
  </reviews>
  <new>
   -
  </new>
 </clothing>
 <clothing>
  <id>
   285501202
  </id>
  <name>
   Reebok T-shirt A-2167
  </name>
  <category>
   T-shirt
  </category>
  <size>
   XL
  </size>
  <color>
   Оранжевый
  </color>
  <material>
   Лен
  </material>
  <price>
   995135
  </price>
  <rating>
   3.98
  </rating>
  <reviews>
   233538
  </reviews>
  <new>
   +
  </new>
  <sporty>
   yes
  </sporty>
 </clothing>
 <clothing>
  <id>
   707140015
  </id>
  <name>
   Converse Sweater A-3669
  </name>
  <category>
   Sweater
  </category>
  <size>
   XL
  </size>
  <color>
   Синий
  </color>
  <material>
   Нейлон
  </material>
  <price>
   135118
  </price>
  <rating>
   1.6
  </rating>
  <reviews>
   951648
  </reviews>
  <new>
   -
  </new>
  <exclusive>
   no
  </exclusive>
 </clothing>
 <clothing>
  <id>
   722490999
  </id>
  <name>
   Nike Socks P-5873
  </name>
  <category>
   Socks
  </category>
  <size>
   L
  </size>
  <color>
   Голубой
  </color>
  <material>
   Шерсть
  </material>
  <price>
   283613
  </price>
  <rating>
   1.26
  </rating>
  <reviews>
   871626
  </reviews>
  <new>
   +
  </new>
  <sporty>
   no
  </sporty>
 </clothing>
 <clothing>
  <id>
   669390863
  </id>
  <name>
   Vans Dress Y-3566
  </name>
  <category>
   Dress
  </category>
  <size>
   L
  </size>
  <color>
   Красный
  </color>
  <material>
   Вискоза
  </material>
  <price>
   516818
  </price>
  <rating>
   1.3
  </rating>
  <reviews>
   255629
  </reviews>
  <new>
   -
  </new>
  <sporty>
   yes
  </sporty>
 </clothing>
 <clothing>
  <id>
   814211891
  </id>
  <name>
   Nike Umbrellas N-5874
  </name>
  <category>
   Umbrellas
  </category>
  <size>
   L
  </size>
  <color>
   Голубой
  </color>
  <material>
   Шелк
  </material>
  <price>
   973766
  </price>
  <rating>
   2.05
  </rating>
  <reviews>
   314817
  </reviews>
  <new>
   -
  </new>
  <exclusive>
   yes
  </exclusive>
 </clothing>
 <clothing>
  <id>
   405810606
  </id>
  <name>
   DC Skirt Y-6819
  </name>
  <category>
   Skirt
  </category>
  <size>
   XXL
  </size>
  <color>
   Голубой
  </color>
  <material>
   Полиэстер
  </material>
  <price>
   731076
  </price>
  <rating>
   4.24
  </rating>
  <reviews>
   397411
  </reviews>
  <sporty>
   no
  </sporty>
 </clothing>
 <clothing>
  <id>
   159568065
  </id>
  <name>
   Asics Socks G-8920
  </name>
  <category>
   Socks
  </category>
  <size>
   L
  </size>
  <color>
   Желтый
  </color>
  <material>
   Хлопок
  </material>
  <price>
   560701
  </price>
  <rating>
   4.68
  </rating>
  <reviews>
   515356
  </reviews>
  <exclusive>
   no
  </exclusive>
  <sporty>
   no
  </sporty>
 </clothing>
 <clothing>
  <id>
   693063182
  </id>
  <name>
   Under Armour Socks I-6508
  </name>
  <category>
   Socks
  </category>
  <size>
   M
  </size>
  <color>
   Желтый
  </color>
  <material>
   Хлопок
  </material>
  <price>
   498572
  </price>
  <rating>
   4.59
  </rating>
  <reviews>
   875719
  </reviews>
  <new>
   -
  </new>
  <sporty>
   yes
  </sporty>
 </clothing>
 <clothing>
  <id>
   311116004
  </id>
  <name>
   Fila Blouse G-4970
  </name>
  <category>
   Blouse
  </category>
  <size>
   XXL
  </size>
  <color>
   Желтый
  </color>
  <material>
   Полиэстер
  </material>
  <price>
   344862
  </price>
  <rating>
   2.66
  </rating>
  <reviews>
   649306
  </reviews>
  <sporty>
   yes
  </sporty>
 </clothing>
 <clothing>
  <id>
   291421569
  </id>
  <name>
   Converse T-shirt V-1824
  </name>
  <category>
   T-shirt
  </category>
  <size>
   S
  </size>
  <color>
   Фиолетовый
  </color>
  <material>
   Полиэстер
  </material>
  <price>
   208362
  </price>
  <rating>
   2.7
  </rating>
  <reviews>
   472804
  </reviews>
  <new>
   +
  </new>
  <exclusive>
   no
  </exclusive>
  <sporty>
   no
  </sporty>
 </clothing>
 <clothing>
  <id>
   590524684
  </id>
  <name>
   PleinSport Skirt G-4409
  </name>
  <category>
   Skirt
  </category>
  <size>
   S
  </size>
  <color>
   Синий
  </color>
  <material>
   Нейлон
  </material>
  <price>
   991431
  </price>
  <rating>
   1.06
  </rating>
  <reviews>
   977561
  </reviews>
  <new>
   +
  </new>
  <exclusive>
   no
  </exclusive>
  <sporty>
   yes
  </sporty>
 </clothing>
 <clothing>
  <id>
   178567209
  </id>
  <name>
   Under Armour Hat H-3334
  </name>
  <category>
   Hat
  </category>
  <size>
   M
  </size>
  <color>
   Зеленый
  </color>
  <material>
   Вискоза
  </material>
  <price>
   998790
  </price>
  <rating>
   2.61
  </rating>
  <reviews>
   887245
  </reviews>
  <new>
   -
  </new>
  <exclusive>
   no
  </exclusive>
 </clothing>
 <clothing>
  <id>
   364956645
  </id>
  <name>
   Ellesse Dress C-6503
  </name>
  <category>
   Dress
  </category>
  <size>
   XXL
  </size>
  <color>
   Синий
  </color>
  <material>
   Вискоза
  </material>
  <price>
   967503
  </price>
  <rating>
   1.47
  </rating>
  <reviews>
   146954
  </reviews>
  <new>
   +
  </new>
  <exclusive>
   yes
  </exclusive>
 </clothing>
 <clothing>
  <id>
   543087852
  </id>
  <name>
   Adidas Handbags R-5016
  </name>
  <category>
   Handbags
  </category>
  <size>
   S
  </size>
  <color>
   Оранжевый
  </color>
  <material>
   Шелк
  </material>
  <price>
   681667
  </price>
  <rating>
   3.39
  </rating>
  <reviews>
   311082
  </reviews>
  <new>
   -
  </new>
  <exclusive>
   no
  </exclusive>
  <sporty>
   yes
  </sporty>
 </clothing>
 <clothing>
  <id>
   709308997
  </id>
  <name>
   Asics Umbrellas P-9458
  </name>
  <category>
   Umbrellas
  </category>
  <size>
   XL
  </size>
  <color>
   Голубой
  </color>
  <material>
   Лен
  </material>
  <price>
   556324
  </price>
  <rating>
   2.42
  </rating>
  <reviews>
   390134
  </reviews>
  <new>
   +
  </new>
  <exclusive>
   no
  </exclusive>
  <sporty>
   no
  </sporty>
 </clothing>
 <clothing>
  <id>
   260451194
  </id>
  <name>
   Under Armour Shoes M-6382
  </name>
  <category>
   Shoes
  </category>
  <size>
   XXL
  </size>
  <color>
   Фиолетовый
  </color>
  <material>
   Хлопок
  </material>
  <price>
   435588
  </price>
  <rating>
   4.96
  </rating>
  <reviews>
   488271
  </reviews>
  <new>
   +
  </new>
  <exclusive>
   no
  </exclusive>
 </clothing>
 <clothing>
  <id>
   932300390
  </id>
  <name>
   Vans Pants V-5915
  </name>
  <category>
   Pants
  </category>
  <size>
   L
  </size>
  <color>
   Желтый
  </color>
  <material>
   Шелк
  </material>
  <price>
   698533
  </price>
  <rating>
   3.86
  </rating>
  <reviews>
   626513
  </reviews>
  <exclusive>
   yes
  </exclusive>
 </clothing>
 <clothing>
  <id>
   466921223
  </id>
  <name>
   Fila Shirt E-6456
  </name>
  <category>
   Shirt
  </category>
  <size>
   M
  </size>
  <color>
   Фиолетовый
  </color>
  <material>
   Полиэстер
  </material>
  <price>
   190392
  </price>
  <rating>
   4.32
  </rating>
  <reviews>
   969126
  </reviews>
  <new>
   -
  </new>
  <exclusive>
   no
  </exclusive>
 </clothing>
 <clothing>
  <id>
   391942783
  </id>
  <name>
   Reebok Jeans C-8961
  </name>
  <category>
   Jeans
  </category>
  <size>
   L
  </size>
  <color>
   Голубой
  </color>
  <material>
   Нейлон
  </material>
  <price>
   146852
  </price>
  <rating>
   4.06
  </rating>
  <reviews>
   366966
  </reviews>
  <new>
   -
  </new>
  <sporty>
   no
  </sporty>
 </clothing>
 <clothing>
  <id>
   839118331
  </id>
  <name>
   Ellesse Pants P-7274
  </name>
  <category>
   Pants
  </category>
  <size>
   L
  </size>
  <color>
   Голубой
  </color>
  <material>
   Нейлон
  </material>
  <price>
   967835
  </price>
  <rating>
   1.69
  </rating>
  <reviews>
   632492
  </reviews>
  <new>
   +
  </new>
  <exclusive>
   no
  </exclusive>
  <sporty>
   yes
  </sporty>
 </clothing>
 <clothing>
  <id>
   574871660
  </id>
  <name>
   New Balance Hat D-8284
  </name>
  <category>
   Hat
  </category>
  <size>
   XXL
  </size>
  <color>
   Красный
  </color>
  <material>
   Шелк
  </material>
  <price>
   523757
  </price>
  <rating>
   3.32
  </rating>
  <reviews>
   990602
  </reviews>
  <new>
   -
  </new>
  <exclusive>
   yes
  </exclusive>
  <sporty>
   yes
  </sporty>
 </clothing>
 <clothing>
  <id>
   674912059
  </id>
  <name>
   Converse Sweater A-3640
  </name>
  <category>
   Sweater
  </category>
  <size>
   S
  </size>
  <color>
   Зеленый
  </color>
  <material>
   Шелк
  </material>
  <price>
   640289
  </price>
  <rating>
   2.52
  </rating>
  <reviews>
   461878
  </reviews>
  <new>
   +
  </new>
  <exclusive>
   no
  </exclusive>
  <sporty>
   no
  </sporty>
 </clothing>
 <clothing>
  <id>
   323329272
  </id>
  <name>
   Addidas Jacket U-8347
  </name>
  <category>
   Jacket
  </category>
  <size>
   S
  </size>
  <color>
   Оранжевый
  </color>
  <material>
   Хлопок
  </material>
  <price>
   391466
  </price>
  <rating>
   1.39
  </rating>
  <reviews>
   474364
  </reviews>
 </clothing>
 <clothing>
  <id>
   696899148
  </id>
  <name>
   DC Shoes F-6197
  </name>
  <category>
   Shoes
  </category>
  <size>
   S
  </size>
  <color>
   Красный
  </color>
  <material>
   Лен
  </material>
  <price>
   860756
  </price>
  <rating>
   1.12
  </rating>
  <reviews>
   534852
  </reviews>
  <exclusive>
   no
  </exclusive>
 </clothing>
 <clothing>
  <id>
   332071686
  </id>
  <name>
   Puma Jacket O-5175
  </name>
  <category>
   Jacket
  </category>
  <size>
   XXL
  </size>
  <color>
   Синий
  </color>
  <material>
   Вискоза
  </material>
  <price>
   117922
  </price>
  <rating>
   2.47
  </rating>
  <reviews>
   650444
  </reviews>
  <new>
   -
  </new>
  <exclusive>
   no
  </exclusive>
 </clothing>
</clothing-items>
