<?xml version="1.0" encoding="utf-8"?>
<clothing-items>
 <clothing>
  <id>
   628573345
  </id>
  <name>
   Adidas Sweater H-6540
  </name>
  <category>
   Sweater
  </category>
  <size>
   L
  </size>
  <color>
   Желтый
  </color>
  <material>
   Нейлон
  </material>
  <price>
   733566
  </price>
  <rating>
   3.65
  </rating>
  <reviews>
   212354
  </reviews>
  <new>
   -
  </new>
  <exclusive>
   no
  </exclusive>
 </clothing>
 <clothing>
  <id>
   598416843
  </id>
  <name>
   Asics Jacket A-1695
  </name>
  <category>
   Jacket
  </category>
  <size>
   M
  </size>
  <color>
   Голубой
  </color>
  <material>
   Кожа
  </material>
  <price>
   690358
  </price>
  <rating>
   2.86
  </rating>
  <reviews>
   297533
  </reviews>
  <new>
   -
  </new>
  <sporty>
   no
  </sporty>
 </clothing>
 <clothing>
  <id>
   836587036
  </id>
  <name>
   Puma Hat Z-6339
  </name>
  <category>
   Hat
  </category>
  <size>
   L
  </size>
  <color>
   Оранжевый
  </color>
  <material>
   Нейлон
  </material>
  <price>
   742507
  </price>
  <rating>
   1.93
  </rating>
  <reviews>
   169670
  </reviews>
  <new>
   +
  </new>
  <exclusive>
   yes
  </exclusive>
  <sporty>
   no
  </sporty>
 </clothing>
 <clothing>
  <id>
   805978303
  </id>
  <name>
   Fila Jacket I-2132
  </name>
  <category>
   Jacket
  </category>
  <size>
   S
  </size>
  <color>
   Желтый
  </color>
  <material>
   Хлопок
  </material>
  <price>
   588781
  </price>
  <rating>
   4.61
  </rating>
  <reviews>
   643887
  </reviews>
  <exclusive>
   no
  </exclusive>
 </clothing>
 <clothing>
  <id>
   899281902
  </id>
  <name>
   Converse Pants G-3365
  </name>
  <category>
   Pants
  </category>
  <size>
   M
  </size>
  <color>
   Фиолетовый
  </color>
  <material>
   Вискоза
  </material>
  <price>
   680310
  </price>
  <rating>
   3.41
  </rating>
  <reviews>
   965231
  </reviews>
  <new>
   -
  </new>
  <exclusive>
   yes
  </exclusive>
 </clothing>
 <clothing>
  <id>
   328779325
  </id>
  <name>
   Nike Dress L-9315
  </name>
  <category>
   Dress
  </category>
  <size>
   XXL
  </size>
  <color>
   Оранжевый
  </color>
  <material>
   Кожа
  </material>
  <price>
   199637
  </price>
  <rating>
   2.17
  </rating>
  <reviews>
   406960
  </reviews>
  <exclusive>
   no
  </exclusive>
  <sporty>
   no
  </sporty>
 </clothing>
 <clothing>
  <id>
   671698138
  </id>
  <name>
   Lacoste Shirt S-3998
  </name>
  <category>
   Shirt
  </category>
  <size>
   M
  </size>
  <color>
   Оранжевый
  </color>
  <material>
   Шелк
  </material>
  <price>
   119378
  </price>
  <rating>
   4.87
  </rating>
  <reviews>
   751632
  </reviews>
 </clothing>
 <clothing>
  <id>
   608673229
  </id>
  <name>
   New Balance Socks T-7453
  </name>
  <category>
   Socks
  </category>
  <size>
   S
  </size>
  <color>
   Красный
  </color>
  <material>
   Вискоза
  </material>
  <price>
   702570
  </price>
  <rating>
   4.83
  </rating>
  <reviews>
   117087
  </reviews>
  <new>
   -
  </new>
  <exclusive>
   yes
  </exclusive>
  <sporty>
   no
  </sporty>
 </clothing>
 <clothing>
  <id>
   556826722
  </id>
  <name>
   Reebok Gloves C-1501
  </name>
  <category>
   Gloves
  </category>
  <size>
   S
  </size>
  <color>
   Красный
  </color>
  <material>
   Шелк
  </material>
  <price>
   282804
  </price>
  <rating>
   4.04
  </rating>
  <reviews>
   520367
  </reviews>
  <new>
   +
  </new>
  <sporty>
   no
  </sporty>
 </clothing>
 <clothing>
  <id>
   826068369
  </id>
  <name>
   New Balance Jeans J-5575
  </name>
  <category>
   Jeans
  </category>
  <size>
   S
  </size>
  <color>
   Голубой
  </color>
  <material>
   Кожа
  </material>
  <price>
   361156
  </price>
  <rating>
   2.98
  </rating>
  <reviews>
   947235
  </reviews>
  <new>
   -
  </new>
  <exclusive>
   yes
  </exclusive>
 </clothing>
 <clothing>
  <id>
   834541571
  </id>
  <name>
   Brooks Shoes H-5267
  </name>
  <category>
   Shoes
  </category>
  <size>
   M
  </size>
  <color>
   Зеленый
  </color>
  <material>
   Лен
  </material>
  <price>
   694547
  </price>
  <rating>
   4.16
  </rating>
  <reviews>
   653929
  </reviews>
  <new>
   +
  </new>
 </clothing>
 <clothing>
  <id>
   669789248
  </id>
  <name>
   DC Hat D-7239
  </name>
  <category>
   Hat
  </category>
  <size>
   XXL
  </size>
  <color>
   Фиолетовый
  </color>
  <material>
   Хлопок
  </material>
  <price>
   216320
  </price>
  <rating>
   2.75
  </rating>
  <reviews>
   500076
  </reviews>
  <new>
   +
  </new>
  <exclusive>
   no
  </exclusive>
  <sporty>
   no
  </sporty>
 </clothing>
 <clothing>
  <id>
   959890564
  </id>
  <name>
   Asics Pants K-3838
  </name>
  <category>
   Pants
  </category>
  <size>
   XXL
  </size>
  <color>
   Желтый
  </color>
  <material>
   Лен
  </material>
  <price>
   787946
  </price>
  <rating>
   3.44
  </rating>
  <reviews>
   242714
  </reviews>
  <new>
   -
  </new>
  <exclusive>
   no
  </exclusive>
 </clothing>
 <clothing>
  <id>
   597800295
  </id>
  <name>
   Addidas Belts W-5719
  </name>
  <category>
   Belts
  </category>
  <size>
   XXL
  </size>
  <color>
   Красный
  </color>
  <material>
   Лен
  </material>
  <price>
   567252
  </price>
  <rating>
   3.1
  </rating>
  <reviews>
   51907
  </reviews>
  <exclusive>
   yes
  </exclusive>
  <sporty>
   no
  </sporty>
 </clothing>
 <clothing>
  <id>
   323801472
  </id>
  <name>
   DC Pants U-5390
  </name>
  <category>
   Pants
  </category>
  <size>
   L
  </size>
  <color>
   Желтый
  </color>
  <material>
   Лен
  </material>
  <price>
   388171
  </price>
  <rating>
   2.19
  </rating>
  <reviews>
   742439
  </reviews>
  <new>
   +
  </new>
 </clothing>
</clothing-items>
