<?xml version="1.0" encoding="utf-8"?>
<clothing-items>
 <clothing>
  <id>
   316309842
  </id>
  <name>
   Under Armour Pants T-7436
  </name>
  <category>
   Pants
  </category>
  <size>
   L
  </size>
  <color>
   Синий
  </color>
  <material>
   Шелк
  </material>
  <price>
   476513
  </price>
  <rating>
   1.23
  </rating>
  <reviews>
   590853
  </reviews>
  <new>
   -
  </new>
  <sporty>
   no
  </sporty>
 </clothing>
 <clothing>
  <id>
   650149163
  </id>
  <name>
   Fila Gloves J-3518
  </name>
  <category>
   Gloves
  </category>
  <size>
   L
  </size>
  <color>
   Красный
  </color>
  <material>
   Полиэстер
  </material>
  <price>
   266786
  </price>
  <rating>
   4.21
  </rating>
  <reviews>
   737675
  </reviews>
  <new>
   +
  </new>
  <exclusive>
   no
  </exclusive>
  <sporty>
   no
  </sporty>
 </clothing>
 <clothing>
  <id>
   968555264
  </id>
  <name>
   Ellesse Gloves G-9889
  </name>
  <category>
   Gloves
  </category>
  <size>
   S
  </size>
  <color>
   Оранжевый
  </color>
  <material>
   Кожа
  </material>
  <price>
   100245
  </price>
  <rating>
   2.87
  </rating>
  <reviews>
   977669
  </reviews>
  <new>
   -
  </new>
  <exclusive>
   yes
  </exclusive>
  <sporty>
   yes
  </sporty>
 </clothing>
 <clothing>
  <id>
   322619638
  </id>
  <name>
   Lacoste Gloves H-8619
  </name>
  <category>
   Gloves
  </category>
  <size>
   XXL
  </size>
  <color>
   Зеленый
  </color>
  <material>
   Кожа
  </material>
  <price>
   157954
  </price>
  <rating>
   2.93
  </rating>
  <reviews>
   122806
  </reviews>
  <exclusive>
   no
  </exclusive>
 </clothing>
 <clothing>
  <id>
   537142794
  </id>
  <name>
   Nike Hat Q-4449
  </name>
  <category>
   Hat
  </category>
  <size>
   XL
  </size>
  <color>
   Фиолетовый
  </color>
  <material>
   Лен
  </material>
  <price>
   893668
  </price>
  <rating>
   3.67
  </rating>
  <reviews>
   934111
  </reviews>
  <new>
   -
  </new>
  <sporty>
   yes
  </sporty>
 </clothing>
 <clothing>
  <id>
   180414372
  </id>
  <name>
   Nike Shirt L-8300
  </name>
  <category>
   Shirt
  </category>
  <size>
   S
  </size>
  <color>
   Голубой
  </color>
  <material>
   Кожа
  </material>
  <price>
   307887
  </price>
  <rating>
   4.94
  </rating>
  <reviews>
   869623
  </reviews>
  <new>
   +
  </new>
  <exclusive>
   yes
  </exclusive>
  <sporty>
   yes
  </sporty>
 </clothing>
 <clothing>
  <id>
   171178617
  </id>
  <name>
   DC Hat P-4966
  </name>
  <category>
   Hat
  </category>
  <size>
   M
  </size>
  <color>
   Синий
  </color>
  <material>
   Хлопок
  </material>
  <price>
   692022
  </price>
  <rating>
   2.58
  </rating>
  <reviews>
   968710
  </reviews>
  <new>
   -
  </new>
  <exclusive>
   yes
  </exclusive>
 </clothing>
 <clothing>
  <id>
   327441197
  </id>
  <name>
   Lacoste Hat W-4576
  </name>
  <category>
   Hat
  </category>
  <size>
   XXL
  </size>
  <color>
   Зеленый
  </color>
  <material>
   Шерсть
  </material>
  <price>
   475825
  </price>
  <rating>
   1.38
  </rating>
  <reviews>
   416326
  </reviews>
  <new>
   -
  </new>
  <exclusive>
   no
  </exclusive>
  <sporty>
   no
  </sporty>
 </clothing>
 <clothing>
  <id>
   393126642
  </id>
  <name>
   Lacoste Skirt M-2863
  </name>
  <category>
   Skirt
  </category>
  <size>
   L
  </size>
  <color>
   Зеленый
  </color>
  <material>
   Полиэстер
  </material>
  <price>
   764208
  </price>
  <rating>
   3.22
  </rating>
  <reviews>
   966808
  </reviews>
  <exclusive>
   yes
  </exclusive>
 </clothing>
 <clothing>
  <id>
   771381572
  </id>
  <name>
   Ellesse Umbrellas I-1514
  </name>
  <category>
   Umbrellas
  </category>
  <size>
   M
  </size>
  <color>
   Зеленый
  </color>
  <material>
   Нейлон
  </material>
  <price>
   664653
  </price>
  <rating>
   4.14
  </rating>
  <reviews>
   606924
  </reviews>
  <exclusive>
   no
  </exclusive>
 </clothing>
 <clothing>
  <id>
   966782592
  </id>
  <name>
   Converse Sweater B-5185
  </name>
  <category>
   Sweater
  </category>
  <size>
   XL
  </size>
  <color>
   Зеленый
  </color>
  <material>
   Шерсть
  </material>
  <price>
   314726
  </price>
  <rating>
   2.92
  </rating>
  <reviews>
   373898
  </reviews>
  <exclusive>
   yes
  </exclusive>
  <sporty>
   yes
  </sporty>
 </clothing>
 <clothing>
  <id>
   611206048
  </id>
  <name>
   Addidas Belts D-8202
  </name>
  <category>
   Belts
  </category>
  <size>
   XL
  </size>
  <color>
   Желтый
  </color>
  <material>
   Хлопок
  </material>
  <price>
   640779
  </price>
  <rating>
   2.51
  </rating>
  <reviews>
   340629
  </reviews>
  <new>
   +
  </new>
  <sporty>
   yes
  </sporty>
 </clothing>
 <clothing>
  <id>
   937225126
  </id>
  <name>
   Adidas Belts M-4289
  </name>
  <category>
   Belts
  </category>
  <size>
   XL
  </size>
  <color>
   Зеленый
  </color>
  <material>
   Хлопок
  </material>
  <price>
   899080
  </price>
  <rating>
   3.45
  </rating>
  <reviews>
   391973
  </reviews>
  <new>
   +
  </new>
 </clothing>
 <clothing>
  <id>
   525538105
  </id>
  <name>
   Under Armour Gloves F-5828
  </name>
  <category>
   Gloves
  </category>
  <size>
   S
  </size>
  <color>
   Голубой
  </color>
  <material>
   Хлопок
  </material>
  <price>
   178619
  </price>
  <rating>
   1.77
  </rating>
  <reviews>
   965328
  </reviews>
  <exclusive>
   yes
  </exclusive>
  <sporty>
   yes
  </sporty>
 </clothing>
 <clothing>
  <id>
   361720532
  </id>
  <name>
   Converse Gloves I-4806
  </name>
  <category>
   Gloves
  </category>
  <size>
   L
  </size>
  <color>
   Красный
  </color>
  <material>
   Шелк
  </material>
  <price>
   798704
  </price>
  <rating>
   1.22
  </rating>
  <reviews>
   820597
  </reviews>
  <new>
   -
  </new>
 </clothing>
 <clothing>
  <id>
   573378415
  </id>
  <name>
   Asics Pants Q-1904
  </name>
  <category>
   Pants
  </category>
  <size>
   XL
  </size>
  <color>
   Оранжевый
  </color>
  <material>
   Кожа
  </material>
  <price>
   555133
  </price>
  <rating>
   2.49
  </rating>
  <reviews>
   14929
  </reviews>
  <exclusive>
   yes
  </exclusive>
 </clothing>
 <clothing>
  <id>
   782600843
  </id>
  <name>
   Fila Skirt U-4832
  </name>
  <category>
   Skirt
  </category>
  <size>
   XL
  </size>
  <color>
   Оранжевый
  </color>
  <material>
   Лен
  </material>
  <price>
   217005
  </price>
  <rating>
   2.36
  </rating>
  <reviews>
   617639
  </reviews>
  <exclusive>
   yes
  </exclusive>
 </clothing>
 <clothing>
  <id>
   845414227
  </id>
  <name>
   Puma Gloves F-1379
  </name>
  <category>
   Gloves
  </category>
  <size>
   XL
  </size>
  <color>
   Зеленый
  </color>
  <material>
   Хлопок
  </material>
  <price>
   989459
  </price>
  <rating>
   2.84
  </rating>
  <reviews>
   51277
  </reviews>
  <sporty>
   no
  </sporty>
 </clothing>
 <clothing>
  <id>
   554493690
  </id>
  <name>
   Ellesse Shirt H-4811
  </name>
  <category>
   Shirt
  </category>
  <size>
   S
  </size>
  <color>
   Зеленый
  </color>
  <material>
   Нейлон
  </material>
  <price>
   825426
  </price>
  <rating>
   3.06
  </rating>
  <reviews>
   30751
  </reviews>
  <exclusive>
   yes
  </exclusive>
 </clothing>
 <clothing>
  <id>
   107704948
  </id>
  <name>
   New Balance Pants B-3652
  </name>
  <category>
   Pants
  </category>
  <size>
   XXL
  </size>
  <color>
   Синий
  </color>
  <material>
   Шерсть
  </material>
  <price>
   847046
  </price>
  <rating>
   1.43
  </rating>
  <reviews>
   632044
  </reviews>
  <exclusive>
   yes
  </exclusive>
  <sporty>
   no
  </sporty>
 </clothing>
 <clothing>
  <id>
   962299942
  </id>
  <name>
   Reebok Belts K-6856
  </name>
  <category>
   Belts
  </category>
  <size>
   M
  </size>
  <color>
   Красный
  </color>
  <material>
   Шелк
  </material>
  <price>
   656634
  </price>
  <rating>
   1.25
  </rating>
  <reviews>
   682926
  </reviews>
  <exclusive>
   no
  </exclusive>
  <sporty>
   no
  </sporty>
 </clothing>
 <clothing>
  <id>
   839240893
  </id>
  <name>
   Adidas Handbags C-5209
  </name>
  <category>
   Handbags
  </category>
  <size>
   M
  </size>
  <color>
   Красный
  </color>
  <material>
   Лен
  </material>
  <price>
   271900
  </price>
  <rating>
   2.94
  </rating>
  <reviews>
   213124
  </reviews>
  <exclusive>
   no
  </exclusive>
 </clothing>
 <clothing>
  <id>
   371765876
  </id>
  <name>
   Puma Sweater F-5697
  </name>
  <category>
   Sweater
  </category>
  <size>
   XL
  </size>
  <color>
   Зеленый
  </color>
  <material>
   Полиэстер
  </material>
  <price>
   723769
  </price>
  <rating>
   2.4
  </rating>
  <reviews>
   722533
  </reviews>
  <sporty>
   no
  </sporty>
 </clothing>
 <clothing>
  <id>
   736382313
  </id>
  <name>
   Lacoste Jacket J-6178
  </name>
  <category>
   Jacket
  </category>
  <size>
   S
  </size>
  <color>
   Синий
  </color>
  <material>
   Хлопок
  </material>
  <price>
   553582
  </price>
  <rating>
   3.35
  </rating>
  <reviews>
   183997
  </reviews>
  <new>
   -
  </new>
  <sporty>
   no
  </sporty>
 </clothing>
 <clothing>
  <id>
   226062251
  </id>
  <name>
   Converse Sweater R-1130
  </name>
  <category>
   Sweater
  </category>
  <size>
   XL
  </size>
  <color>
   Фиолетовый
  </color>
  <material>
   Хлопок
  </material>
  <price>
   364433
  </price>
  <rating>
   3.61
  </rating>
  <reviews>
   683862
  </reviews>
  <new>
   -
  </new>
  <exclusive>
   yes
  </exclusive>
 </clothing>
 <clothing>
  <id>
   894159844
  </id>
  <name>
   Ellesse Umbrellas H-3351
  </name>
  <category>
   Umbrellas
  </category>
  <size>
   XL
  </size>
  <color>
   Синий
  </color>
  <material>
   Хлопок
  </material>
  <price>
   192507
  </price>
  <rating>
   1.54
  </rating>
  <reviews>
   912819
  </reviews>
  <sporty>
   yes
  </sporty>
 </clothing>
 <clothing>
  <id>
   875759644
  </id>
  <name>
   Nike Handbags H-6325
  </name>
  <category>
   Handbags
  </category>
  <size>
   XXL
  </size>
  <color>
   Голубой
  </color>
  <material>
   Полиэстер
  </material>
  <price>
   474228
  </price>
  <rating>
   2.56
  </rating>
  <reviews>
   385878
  </reviews>
  <new>
   -
  </new>
  <exclusive>
   yes
  </exclusive>
  <sporty>
   no
  </sporty>
 </clothing>
 <clothing>
  <id>
   506934089
  </id>
  <name>
   Vans Handbags Y-7946
  </name>
  <category>
   Handbags
  </category>
  <size>
   XL
  </size>
  <color>
   Зеленый
  </color>
  <material>
   Вискоза
  </material>
  <price>
   646445
  </price>
  <rating>
   4.93
  </rating>
  <reviews>
   297742
  </reviews>
  <new>
   -
  </new>
  <exclusive>
   yes
  </exclusive>
 </clothing>
 <clothing>
  <id>
   954406884
  </id>
  <name>
   Ellesse Handbags I-4712
  </name>
  <category>
   Handbags
  </category>
  <size>
   XL
  </size>
  <color>
   Голубой
  </color>
  <material>
   Полиэстер
  </material>
  <price>
   219011
  </price>
  <rating>
   4.16
  </rating>
  <reviews>
   302883
  </reviews>
  <new>
   -
  </new>
 </clothing>
</clothing-items>
