<?xml version="1.0" encoding="utf-8"?>
<clothing-items>
 <clothing>
  <id>
   455891748
  </id>
  <name>
   Brooks Belts S-2056
  </name>
  <category>
   Belts
  </category>
  <size>
   S
  </size>
  <color>
   Желтый
  </color>
  <material>
   Нейлон
  </material>
  <price>
   356987
  </price>
  <rating>
   2.23
  </rating>
  <reviews>
   892475
  </reviews>
  <sporty>
   no
  </sporty>
 </clothing>
 <clothing>
  <id>
   706017345
  </id>
  <name>
   Under Armour Shirt T-4808
  </name>
  <category>
   Shirt
  </category>
  <size>
   S
  </size>
  <color>
   Голубой
  </color>
  <material>
   Нейлон
  </material>
  <price>
   756481
  </price>
  <rating>
   4.12
  </rating>
  <reviews>
   847939
  </reviews>
  <exclusive>
   no
  </exclusive>
 </clothing>
 <clothing>
  <id>
   185310240
  </id>
  <name>
   Asics Socks X-4463
  </name>
  <category>
   Socks
  </category>
  <size>
   M
  </size>
  <color>
   Оранжевый
  </color>
  <material>
   Нейлон
  </material>
  <price>
   868005
  </price>
  <rating>
   4.1
  </rating>
  <reviews>
   428111
  </reviews>
  <sporty>
   no
  </sporty>
 </clothing>
 <clothing>
  <id>
   252862123
  </id>
  <name>
   Adidas Jeans B-7262
  </name>
  <category>
   Jeans
  </category>
  <size>
   XXL
  </size>
  <color>
   Желтый
  </color>
  <material>
   Шерсть
  </material>
  <price>
   840521
  </price>
  <rating>
   4.96
  </rating>
  <reviews>
   376717
  </reviews>
  <new>
   +
  </new>
  <exclusive>
   yes
  </exclusive>
 </clothing>
 <clothing>
  <id>
   725799070
  </id>
  <name>
   Brooks Gloves X-1663
  </name>
  <category>
   Gloves
  </category>
  <size>
   L
  </size>
  <color>
   Зеленый
  </color>
  <material>
   Шелк
  </material>
  <price>
   280293
  </price>
  <rating>
   3.53
  </rating>
  <reviews>
   723714
  </reviews>
  <new>
   +
  </new>
 </clothing>
 <clothing>
  <id>
   397624063
  </id>
  <name>
   Vans Umbrellas S-4092
  </name>
  <category>
   Umbrellas
  </category>
  <size>
   XL
  </size>
  <color>
   Красный
  </color>
  <material>
   Шелк
  </material>
  <price>
   157822
  </price>
  <rating>
   4.18
  </rating>
  <reviews>
   236416
  </reviews>
  <new>
   -
  </new>
  <sporty>
   yes
  </sporty>
 </clothing>
 <clothing>
  <id>
   935659189
  </id>
  <name>
   Addidas Shirt R-2780
  </name>
  <category>
   Shirt
  </category>
  <size>
   XXL
  </size>
  <color>
   Синий
  </color>
  <material>
   Лен
  </material>
  <price>
   907755
  </price>
  <rating>
   3.38
  </rating>
  <reviews>
   697003
  </reviews>
  <exclusive>
   no
  </exclusive>
  <sporty>
   no
  </sporty>
 </clothing>
 <clothing>
  <id>
   427136513
  </id>
  <name>
   Vans Socks L-4093
  </name>
  <category>
   Socks
  </category>
  <size>
   XXL
  </size>
  <color>
   Фиолетовый
  </color>
  <material>
   Полиэстер
  </material>
  <price>
   653030
  </price>
  <rating>
   3.95
  </rating>
  <reviews>
   767800
  </reviews>
  <new>
   -
  </new>
  <sporty>
   no
  </sporty>
 </clothing>
 <clothing>
  <id>
   721931991
  </id>
  <name>
   Nike Umbrellas E-1343
  </name>
  <category>
   Umbrellas
  </category>
  <size>
   M
  </size>
  <color>
   Оранжевый
  </color>
  <material>
   Нейлон
  </material>
  <price>
   760595
  </price>
  <rating>
   3.61
  </rating>
  <reviews>
   211715
  </reviews>
  <new>
   -
  </new>
  <exclusive>
   no
  </exclusive>
 </clothing>
 <clothing>
  <id>
   490833159
  </id>
  <name>
   Fila Handbags Q-2146
  </name>
  <category>
   Handbags
  </category>
  <size>
   L
  </size>
  <color>
   Зеленый
  </color>
  <material>
   Шелк
  </material>
  <price>
   215428
  </price>
  <rating>
   4.79
  </rating>
  <reviews>
   971753
  </reviews>
  <new>
   -
  </new>
  <exclusive>
   yes
  </exclusive>
  <sporty>
   no
  </sporty>
 </clothing>
 <clothing>
  <id>
   801015451
  </id>
  <name>
   Ellesse Dress H-4467
  </name>
  <category>
   Dress
  </category>
  <size>
   XXL
  </size>
  <color>
   Фиолетовый
  </color>
  <material>
   Кожа
  </material>
  <price>
   583144
  </price>
  <rating>
   4.66
  </rating>
  <reviews>
   790007
  </reviews>
  <sporty>
   no
  </sporty>
 </clothing>
 <clothing>
  <id>
   752448158
  </id>
  <name>
   Asics Hat I-4738
  </name>
  <category>
   Hat
  </category>
  <size>
   M
  </size>
  <color>
   Фиолетовый
  </color>
  <material>
   Шерсть
  </material>
  <price>
   283228
  </price>
  <rating>
   4.25
  </rating>
  <reviews>
   988182
  </reviews>
  <new>
   -
  </new>
  <exclusive>
   no
  </exclusive>
 </clothing>
 <clothing>
  <id>
   153264794
  </id>
  <name>
   Lacoste Shirt G-3344
  </name>
  <category>
   Shirt
  </category>
  <size>
   XXL
  </size>
  <color>
   Голубой
  </color>
  <material>
   Кожа
  </material>
  <price>
   120611
  </price>
  <rating>
   1.23
  </rating>
  <reviews>
   850425
  </reviews>
  <new>
   -
  </new>
  <exclusive>
   no
  </exclusive>
  <sporty>
   no
  </sporty>
 </clothing>
 <clothing>
  <id>
   737631823
  </id>
  <name>
   Under Armour T-shirt P-6944
  </name>
  <category>
   T-shirt
  </category>
  <size>
   M
  </size>
  <color>
   Фиолетовый
  </color>
  <material>
   Вискоза
  </material>
  <price>
   178882
  </price>
  <rating>
   4.99
  </rating>
  <reviews>
   87317
  </reviews>
 </clothing>
 <clothing>
  <id>
   573107298
  </id>
  <name>
   Asics T-shirt X-6120
  </name>
  <category>
   T-shirt
  </category>
  <size>
   M
  </size>
  <color>
   Зеленый
  </color>
  <material>
   Шелк
  </material>
  <price>
   754514
  </price>
  <rating>
   1.31
  </rating>
  <reviews>
   548658
  </reviews>
  <new>
   -
  </new>
  <sporty>
   no
  </sporty>
 </clothing>
 <clothing>
  <id>
   261022642
  </id>
  <name>
   Lacoste Shirt L-3344
  </name>
  <category>
   Shirt
  </category>
  <size>
   M
  </size>
  <color>
   Синий
  </color>
  <material>
   Полиэстер
  </material>
  <price>
   304320
  </price>
  <rating>
   4.34
  </rating>
  <reviews>
   181152
  </reviews>
  <exclusive>
   no
  </exclusive>
  <sporty>
   no
  </sporty>
 </clothing>
 <clothing>
  <id>
   476676939
  </id>
  <name>
   Brooks Gloves M-2835
  </name>
  <category>
   Gloves
  </category>
  <size>
   M
  </size>
  <color>
   Голубой
  </color>
  <material>
   Полиэстер
  </material>
  <price>
   864888
  </price>
  <rating>
   4.9
  </rating>
  <reviews>
   342906
  </reviews>
  <exclusive>
   yes
  </exclusive>
 </clothing>
 <clothing>
  <id>
   549530245
  </id>
  <name>
   Nike Skirt O-3825
  </name>
  <category>
   Skirt
  </category>
  <size>
   M
  </size>
  <color>
   Красный
  </color>
  <material>
   Вискоза
  </material>
  <price>
   172269
  </price>
  <rating>
   2.21
  </rating>
  <reviews>
   468403
  </reviews>
  <sporty>
   yes
  </sporty>
 </clothing>
 <clothing>
  <id>
   199019938
  </id>
  <name>
   Nike Gloves U-6661
  </name>
  <category>
   Gloves
  </category>
  <size>
   XXL
  </size>
  <color>
   Синий
  </color>
  <material>
   Вискоза
  </material>
  <price>
   231875
  </price>
  <rating>
   4.96
  </rating>
  <reviews>
   179567
  </reviews>
  <exclusive>
   yes
  </exclusive>
  <sporty>
   no
  </sporty>
 </clothing>
</clothing-items>
