<?xml version="1.0" encoding="utf-8"?>
<clothing-items>
 <clothing>
  <id>
   177999874
  </id>
  <name>
   Adidas Skirt W-7697
  </name>
  <category>
   Skirt
  </category>
  <size>
   S
  </size>
  <color>
   Желтый
  </color>
  <material>
   Вискоза
  </material>
  <price>
   274740
  </price>
  <rating>
   1.93
  </rating>
  <reviews>
   930598
  </reviews>
  <new>
   -
  </new>
  <exclusive>
   no
  </exclusive>
 </clothing>
 <clothing>
  <id>
   375039070
  </id>
  <name>
   Under Armour T-shirt G-8306
  </name>
  <category>
   T-shirt
  </category>
  <size>
   XL
  </size>
  <color>
   Синий
  </color>
  <material>
   Нейлон
  </material>
  <price>
   728533
  </price>
  <rating>
   4.19
  </rating>
  <reviews>
   906437
  </reviews>
 </clothing>
 <clothing>
  <id>
   215228556
  </id>
  <name>
   Puma Blouse F-7870
  </name>
  <category>
   Blouse
  </category>
  <size>
   XXL
  </size>
  <color>
   Голубой
  </color>
  <material>
   Вискоза
  </material>
  <price>
   382988
  </price>
  <rating>
   3.46
  </rating>
  <reviews>
   690888
  </reviews>
  <new>
   -
  </new>
  <exclusive>
   yes
  </exclusive>
  <sporty>
   no
  </sporty>
 </clothing>
 <clothing>
  <id>
   450296246
  </id>
  <name>
   Under Armour T-shirt C-9405
  </name>
  <category>
   T-shirt
  </category>
  <size>
   M
  </size>
  <color>
   Желтый
  </color>
  <material>
   Шерсть
  </material>
  <price>
   302963
  </price>
  <rating>
   1.77
  </rating>
  <reviews>
   941399
  </reviews>
  <new>
   -
  </new>
  <exclusive>
   no
  </exclusive>
  <sporty>
   no
  </sporty>
 </clothing>
 <clothing>
  <id>
   351967915
  </id>
  <name>
   Ellesse Shirt S-4089
  </name>
  <category>
   Shirt
  </category>
  <size>
   L
  </size>
  <color>
   Оранжевый
  </color>
  <material>
   Хлопок
  </material>
  <price>
   224030
  </price>
  <rating>
   1.73
  </rating>
  <reviews>
   870359
  </reviews>
  <new>
   -
  </new>
  <sporty>
   no
  </sporty>
 </clothing>
 <clothing>
  <id>
   913220713
  </id>
  <name>
   Fila Pants C-6065
  </name>
  <category>
   Pants
  </category>
  <size>
   S
  </size>
  <color>
   Красный
  </color>
  <material>
   Нейлон
  </material>
  <price>
   661649
  </price>
  <rating>
   3.68
  </rating>
  <reviews>
   509231
  </reviews>
  <exclusive>
   no
  </exclusive>
  <sporty>
   no
  </sporty>
 </clothing>
 <clothing>
  <id>
   849677410
  </id>
  <name>
   Adidas Umbrellas H-9204
  </name>
  <category>
   Umbrellas
  </category>
  <size>
   S
  </size>
  <color>
   Желтый
  </color>
  <material>
   Шелк
  </material>
  <price>
   744910
  </price>
  <rating>
   3.77
  </rating>
  <reviews>
   352774
  </reviews>
  <exclusive>
   no
  </exclusive>
  <sporty>
   no
  </sporty>
 </clothing>
 <clothing>
  <id>
   178563122
  </id>
  <name>
   New Balance Jacket M-4635
  </name>
  <category>
   Jacket
  </category>
  <size>
   XL
  </size>
  <color>
   Голубой
  </color>
  <material>
   Шерсть
  </material>
  <price>
   706042
  </price>
  <rating>
   3.48
  </rating>
  <reviews>
   739249
  </reviews>
  <exclusive>
   yes
  </exclusive>
 </clothing>
 <clothing>
  <id>
   717059890
  </id>
  <name>
   Vans Dress V-8986
  </name>
  <category>
   Dress
  </category>
  <size>
   M
  </size>
  <color>
   Оранжевый
  </color>
  <material>
   Лен
  </material>
  <price>
   306597
  </price>
  <rating>
   1.85
  </rating>
  <reviews>
   732773
  </reviews>
  <exclusive>
   no
  </exclusive>
  <sporty>
   yes
  </sporty>
 </clothing>
 <clothing>
  <id>
   325451225
  </id>
  <name>
   Addidas Handbags L-8024
  </name>
  <category>
   Handbags
  </category>
  <size>
   S
  </size>
  <color>
   Красный
  </color>
  <material>
   Шерсть
  </material>
  <price>
   665715
  </price>
  <rating>
   3.32
  </rating>
  <reviews>
   835893
  </reviews>
  <new>
   +
  </new>
  <exclusive>
   no
  </exclusive>
 </clothing>
 <clothing>
  <id>
   573006634
  </id>
  <name>
   Reebok Handbags I-2631
  </name>
  <category>
   Handbags
  </category>
  <size>
   M
  </size>
  <color>
   Голубой
  </color>
  <material>
   Хлопок
  </material>
  <price>
   877695
  </price>
  <rating>
   4.6
  </rating>
  <reviews>
   38892
  </reviews>
  <new>
   +
  </new>
  <exclusive>
   yes
  </exclusive>
  <sporty>
   no
  </sporty>
 </clothing>
 <clothing>
  <id>
   891759587
  </id>
  <name>
   Nike Belts O-8704
  </name>
  <category>
   Belts
  </category>
  <size>
   XXL
  </size>
  <color>
   Голубой
  </color>
  <material>
   Полиэстер
  </material>
  <price>
   253456
  </price>
  <rating>
   3.09
  </rating>
  <reviews>
   369550
  </reviews>
  <new>
   -
  </new>
  <sporty>
   yes
  </sporty>
 </clothing>
 <clothing>
  <id>
   369866896
  </id>
  <name>
   Ellesse Jeans T-2497
  </name>
  <category>
   Jeans
  </category>
  <size>
   XXL
  </size>
  <color>
   Красный
  </color>
  <material>
   Хлопок
  </material>
  <price>
   241355
  </price>
  <rating>
   3.54
  </rating>
  <reviews>
   34617
  </reviews>
  <exclusive>
   yes
  </exclusive>
 </clothing>
 <clothing>
  <id>
   128271119
  </id>
  <name>
   Addidas Jeans S-8928
  </name>
  <category>
   Jeans
  </category>
  <size>
   XXL
  </size>
  <color>
   Синий
  </color>
  <material>
   Шерсть
  </material>
  <price>
   741640
  </price>
  <rating>
   4.81
  </rating>
  <reviews>
   681931
  </reviews>
  <new>
   -
  </new>
  <exclusive>
   yes
  </exclusive>
  <sporty>
   no
  </sporty>
 </clothing>
 <clothing>
  <id>
   473360298
  </id>
  <name>
   DC Gloves Z-4533
  </name>
  <category>
   Gloves
  </category>
  <size>
   XXL
  </size>
  <color>
   Синий
  </color>
  <material>
   Хлопок
  </material>
  <price>
   867506
  </price>
  <rating>
   3.11
  </rating>
  <reviews>
   209308
  </reviews>
 </clothing>
 <clothing>
  <id>
   281454702
  </id>
  <name>
   Lacoste Jeans I-8393
  </name>
  <category>
   Jeans
  </category>
  <size>
   M
  </size>
  <color>
   Желтый
  </color>
  <material>
   Кожа
  </material>
  <price>
   372669
  </price>
  <rating>
   2.98
  </rating>
  <reviews>
   614428
  </reviews>
  <exclusive>
   no
  </exclusive>
  <sporty>
   yes
  </sporty>
 </clothing>
 <clothing>
  <id>
   381211853
  </id>
  <name>
   DC Blouse H-2336
  </name>
  <category>
   Blouse
  </category>
  <size>
   XXL
  </size>
  <color>
   Синий
  </color>
  <material>
   Лен
  </material>
  <price>
   943312
  </price>
  <rating>
   2.34
  </rating>
  <reviews>
   424686
  </reviews>
  <new>
   +
  </new>
  <exclusive>
   yes
  </exclusive>
 </clothing>
 <clothing>
  <id>
   636907107
  </id>
  <name>
   New Balance Handbags D-3020
  </name>
  <category>
   Handbags
  </category>
  <size>
   XL
  </size>
  <color>
   Желтый
  </color>
  <material>
   Лен
  </material>
  <price>
   595531
  </price>
  <rating>
   4.76
  </rating>
  <reviews>
   842418
  </reviews>
  <new>
   -
  </new>
  <sporty>
   no
  </sporty>
 </clothing>
 <clothing>
  <id>
   598325885
  </id>
  <name>
   Ellesse Dress Y-9982
  </name>
  <category>
   Dress
  </category>
  <size>
   S
  </size>
  <color>
   Красный
  </color>
  <material>
   Кожа
  </material>
  <price>
   370002
  </price>
  <rating>
   2.28
  </rating>
  <reviews>
   244403
  </reviews>
  <new>
   -
  </new>
  <exclusive>
   no
  </exclusive>
  <sporty>
   no
  </sporty>
 </clothing>
 <clothing>
  <id>
   991398844
  </id>
  <name>
   Reebok Jeans V-4843
  </name>
  <category>
   Jeans
  </category>
  <size>
   L
  </size>
  <color>
   Зеленый
  </color>
  <material>
   Кожа
  </material>
  <price>
   350261
  </price>
  <rating>
   1.8
  </rating>
  <reviews>
   961958
  </reviews>
  <sporty>
   no
  </sporty>
 </clothing>
 <clothing>
  <id>
   157024432
  </id>
  <name>
   Ellesse Dress Y-8008
  </name>
  <category>
   Dress
  </category>
  <size>
   M
  </size>
  <color>
   Оранжевый
  </color>
  <material>
   Кожа
  </material>
  <price>
   821151
  </price>
  <rating>
   4.25
  </rating>
  <reviews>
   880337
  </reviews>
  <new>
   -
  </new>
  <exclusive>
   no
  </exclusive>
 </clothing>
 <clothing>
  <id>
   294916442
  </id>
  <name>
   Ellesse Shirt V-3348
  </name>
  <category>
   Shirt
  </category>
  <size>
   XXL
  </size>
  <color>
   Красный
  </color>
  <material>
   Нейлон
  </material>
  <price>
   206387
  </price>
  <rating>
   3.42
  </rating>
  <reviews>
   108803
  </reviews>
  <new>
   -
  </new>
  <exclusive>
   yes
  </exclusive>
 </clothing>
 <clothing>
  <id>
   627505552
  </id>
  <name>
   Nike Jeans C-8491
  </name>
  <category>
   Jeans
  </category>
  <size>
   S
  </size>
  <color>
   Синий
  </color>
  <material>
   Шелк
  </material>
  <price>
   185178
  </price>
  <rating>
   2.15
  </rating>
  <reviews>
   615926
  </reviews>
  <exclusive>
   yes
  </exclusive>
 </clothing>
 <clothing>
  <id>
   702272078
  </id>
  <name>
   Asics Socks K-9503
  </name>
  <category>
   Socks
  </category>
  <size>
   L
  </size>
  <color>
   Фиолетовый
  </color>
  <material>
   Шерсть
  </material>
  <price>
   603641
  </price>
  <rating>
   2.45
  </rating>
  <reviews>
   638405
  </reviews>
  <new>
   -
  </new>
  <exclusive>
   no
  </exclusive>
 </clothing>
 <clothing>
  <id>
   397506427
  </id>
  <name>
   Under Armour Blouse Q-7619
  </name>
  <category>
   Blouse
  </category>
  <size>
   M
  </size>
  <color>
   Желтый
  </color>
  <material>
   Шелк
  </material>
  <price>
   189349
  </price>
  <rating>
   4.25
  </rating>
  <reviews>
   428508
  </reviews>
  <new>
   -
  </new>
 </clothing>
 <clothing>
  <id>
   768648389
  </id>
  <name>
   Converse Skirt W-8318
  </name>
  <category>
   Skirt
  </category>
  <size>
   XXL
  </size>
  <color>
   Красный
  </color>
  <material>
   Хлопок
  </material>
  <price>
   520156
  </price>
  <rating>
   3.85
  </rating>
  <reviews>
   453660
  </reviews>
  <exclusive>
   no
  </exclusive>
 </clothing>
 <clothing>
  <id>
   620889434
  </id>
  <name>
   Asics Shoes M-9467
  </name>
  <category>
   Shoes
  </category>
  <size>
   XXL
  </size>
  <color>
   Голубой
  </color>
  <material>
   Вискоза
  </material>
  <price>
   127725
  </price>
  <rating>
   4.45
  </rating>
  <reviews>
   12688
  </reviews>
  <exclusive>
   no
  </exclusive>
  <sporty>
   no
  </sporty>
 </clothing>
 <clothing>
  <id>
   913424913
  </id>
  <name>
   Vans Dress O-3249
  </name>
  <category>
   Dress
  </category>
  <size>
   XL
  </size>
  <color>
   Оранжевый
  </color>
  <material>
   Шерсть
  </material>
  <price>
   573135
  </price>
  <rating>
   1.01
  </rating>
  <reviews>
   963061
  </reviews>
  <new>
   +
  </new>
  <sporty>
   yes
  </sporty>
 </clothing>
 <clothing>
  <id>
   540705079
  </id>
  <name>
   Brooks Shoes R-6324
  </name>
  <category>
   Shoes
  </category>
  <size>
   L
  </size>
  <color>
   Красный
  </color>
  <material>
   Хлопок
  </material>
  <price>
   526577
  </price>
  <rating>
   1.89
  </rating>
  <reviews>
   63089
  </reviews>
 </clothing>
 <clothing>
  <id>
   995370094
  </id>
  <name>
   Adidas Shirt Y-2859
  </name>
  <category>
   Shirt
  </category>
  <size>
   L
  </size>
  <color>
   Синий
  </color>
  <material>
   Шелк
  </material>
  <price>
   846669
  </price>
  <rating>
   1.23
  </rating>
  <reviews>
   694115
  </reviews>
  <sporty>
   no
  </sporty>
 </clothing>
 <clothing>
  <id>
   716910688
  </id>
  <name>
   Addidas Skirt Y-6980
  </name>
  <category>
   Skirt
  </category>
  <size>
   XL
  </size>
  <color>
   Фиолетовый
  </color>
  <material>
   Хлопок
  </material>
  <price>
   839766
  </price>
  <rating>
   1.77
  </rating>
  <reviews>
   179765
  </reviews>
  <new>
   -
  </new>
  <exclusive>
   yes
  </exclusive>
  <sporty>
   yes
  </sporty>
 </clothing>
 <clothing>
  <id>
   813314781
  </id>
  <name>
   Addidas Umbrellas M-9234
  </name>
  <category>
   Umbrellas
  </category>
  <size>
   M
  </size>
  <color>
   Голубой
  </color>
  <material>
   Шерсть
  </material>
  <price>
   377553
  </price>
  <rating>
   4.46
  </rating>
  <reviews>
   452706
  </reviews>
  <new>
   -
  </new>
  <sporty>
   no
  </sporty>
 </clothing>
 <clothing>
  <id>
   144274891
  </id>
  <name>
   Adidas Jeans L-6235
  </name>
  <category>
   Jeans
  </category>
  <size>
   XL
  </size>
  <color>
   Голубой
  </color>
  <material>
   Шерсть
  </material>
  <price>
   434346
  </price>
  <rating>
   3.64
  </rating>
  <reviews>
   485890
  </reviews>
  <exclusive>
   yes
  </exclusive>
 </clothing>
 <clothing>
  <id>
   604298148
  </id>
  <name>
   PleinSport Dress M-5042
  </name>
  <category>
   Dress
  </category>
  <size>
   M
  </size>
  <color>
   Желтый
  </color>
  <material>
   Шелк
  </material>
  <price>
   493191
  </price>
  <rating>
   2.8
  </rating>
  <reviews>
   806517
  </reviews>
  <new>
   -
  </new>
 </clothing>
 <clothing>
  <id>
   295939099
  </id>
  <name>
   Under Armour Jacket X-1889
  </name>
  <category>
   Jacket
  </category>
  <size>
   L
  </size>
  <color>
   Оранжевый
  </color>
  <material>
   Вискоза
  </material>
  <price>
   859084
  </price>
  <rating>
   1.9
  </rating>
  <reviews>
   229926
  </reviews>
  <new>
   -
  </new>
  <exclusive>
   yes
  </exclusive>
  <sporty>
   no
  </sporty>
 </clothing>
 <clothing>
  <id>
   590574407
  </id>
  <name>
   Nike Belts W-5495
  </name>
  <category>
   Belts
  </category>
  <size>
   XXL
  </size>
  <color>
   Синий
  </color>
  <material>
   Вискоза
  </material>
  <price>
   678957
  </price>
  <rating>
   1.47
  </rating>
  <reviews>
   502047
  </reviews>
  <sporty>
   yes
  </sporty>
 </clothing>
 <clothing>
  <id>
   514521749
  </id>
  <name>
   DC Sweater I-8452
  </name>
  <category>
   Sweater
  </category>
  <size>
   S
  </size>
  <color>
   Зеленый
  </color>
  <material>
   Хлопок
  </material>
  <price>
   968656
  </price>
  <rating>
   3.6
  </rating>
  <reviews>
   184105
  </reviews>
 </clothing>
 <clothing>
  <id>
   455846052
  </id>
  <name>
   PleinSport T-shirt L-2449
  </name>
  <category>
   T-shirt
  </category>
  <size>
   XL
  </size>
  <color>
   Зеленый
  </color>
  <material>
   Нейлон
  </material>
  <price>
   266145
  </price>
  <rating>
   3.96
  </rating>
  <reviews>
   962697
  </reviews>
  <exclusive>
   no
  </exclusive>
 </clothing>
 <clothing>
  <id>
   923799180
  </id>
  <name>
   Converse Gloves A-2879
  </name>
  <category>
   Gloves
  </category>
  <size>
   L
  </size>
  <color>
   Зеленый
  </color>
  <material>
   Шерсть
  </material>
  <price>
   607768
  </price>
  <rating>
   3.74
  </rating>
  <reviews>
   101731
  </reviews>
  <new>
   -
  </new>
  <exclusive>
   no
  </exclusive>
 </clothing>
 <clothing>
  <id>
   847265143
  </id>
  <name>
   Lacoste Handbags Y-3761
  </name>
  <category>
   Handbags
  </category>
  <size>
   M
  </size>
  <color>
   Зеленый
  </color>
  <material>
   Нейлон
  </material>
  <price>
   416545
  </price>
  <rating>
   2.85
  </rating>
  <reviews>
   176366
  </reviews>
  <exclusive>
   yes
  </exclusive>
  <sporty>
   no
  </sporty>
 </clothing>
 <clothing>
  <id>
   670706476
  </id>
  <name>
   Converse Handbags T-9913
  </name>
  <category>
   Handbags
  </category>
  <size>
   S
  </size>
  <color>
   Оранжевый
  </color>
  <material>
   Шелк
  </material>
  <price>
   811887
  </price>
  <rating>
   4.89
  </rating>
  <reviews>
   850144
  </reviews>
  <new>
   +
  </new>
  <sporty>
   no
  </sporty>
 </clothing>
 <clothing>
  <id>
   355145991
  </id>
  <name>
   Ellesse Dress P-6105
  </name>
  <category>
   Dress
  </category>
  <size>
   XXL
  </size>
  <color>
   Голубой
  </color>
  <material>
   Хлопок
  </material>
  <price>
   138132
  </price>
  <rating>
   3.65
  </rating>
  <reviews>
   128964
  </reviews>
  <new>
   -
  </new>
  <exclusive>
   no
  </exclusive>
 </clothing>
</clothing-items>
